county_fips,county,total_population,total_pop18plus,high_blood_pressure,obesity,coronary_heart_disease,diabetes
48179,Gray,20916,15662,,,,
48333,Mills,4548,3625,,,,
48341,Moore,21190,14480,,,,
48153,Floyd,5090,3788,,,,
48279,Lamb,12711,9252,,,,
48399,Runnels,9868,7542,,,,
48023,Baylor,3463,2691,,,,
48071,Chambers,53876,38951,,,,
48019,Bandera,22637,18811,,,,
48383,Reagan,3141,2250,,,,
48107,Crosby,4917,3652,,,,
48015,Austin,31677,24216,,,,
48357,Ochiltree,9704,6797,,,,
48297,Live Oak,11584,9407,,,,
48125,Dickens,1711,1399,,,,
48317,Martin,5216,3571,,,,
48243,Jeff Davis,1856,1764,,,,
48169,Garza,4517,3597,,,,
48353,Nolan,14306,10732,,,,
48095,Concho,3297,2894,,,,
48387,Red River,11678,9261,,,,
48163,Frio,17987,13345,,,,
48041,Brazos,244703,195226,,,,
48059,Callahan,14374,11235,,,,
48155,Foard,1079,854,,,,
48049,Brown,38709,30770,,,,
48379,Rains,12986,10414,,,,
48025,Bee,30850,24638,,,,
48017,Bailey,6672,4676,,,,
48233,Hutchinson,20033,15111,,,,
48027,Bell,393193,285194,,,,
48397,Rockwall,131307,96606,,,,
48009,Archer,9029,6979,,,,
48229,Hudspeth,3451,3036,,,,
48087,Collingsworth,2563,1897,,,,
48157,Fort Bend,916778,674906,,,,
48215,Hidalgo,898471,624451,,,,
48101,Cottle,1294,1043,,,,
48319,Mason,3931,3203,,,,
48335,Mitchell,9075,7271,,,,
48199,Hardin,58261,43697,,,,
48141,El Paso,869880,646273,,,,
48281,Lampasas,23262,18331,,,,
48231,Hunt,113347,85368,,,,
48221,Hood,67774,53986,,,,
48033,Borden,572,455,,,,
48031,Blanco,13048,10896,,,,
48161,Freestone,20441,15822,,,,
48147,Fannin,37571,29614,,,,
48181,Grayson,146907,111562,,,,
48329,Midland,177108,125208,,,,
48123,DeWitt,19929,15349,,,,
48127,Dimmit,8257,5890,,,,
48003,Andrews,18664,12871,,,,
48313,Madison,13742,10656,,,,
48285,Lavaca,20571,15741,,,,
48359,Oldham,1783,1398,,,,
48191,Hall,2818,2210,,,,
48337,Montague,21598,16711,,,,
48159,Franklin,10735,8409,,,,
48103,Crane,4574,3247,,,,
48137,Edwards,1393,1097,,,,
48145,Falls,17286,13585,,,,
48393,Roberts,840,631,,,,
48315,Marion,9571,7838,,,,
48299,Llano,22875,19317,,,,
48295,Lipscomb,2906,2179,,,,
48093,Comanche,14050,10881,,,,
48167,Galveston,361744,277060,,,,
48311,McMullen,568,445,,,,
48175,Goliad,7144,5744,,,,
48183,Gregg,126243,93766,,,,
48121,Denton,1007703,775771,,,,
48367,Parker,173494,131016,,,,
48111,Dallam,7237,4733,,,,
48131,Duval,9604,7139,,,,
48039,Brazoria,398938,297394,,,,
48135,Ector,164494,114193,,,,
48265,Kerr,53915,44017,,,,
48007,Aransas,25374,20864,,,,
48363,Palo Pinto,29747,22840,,,,
48401,Rusk,53079,41108,,,,
48047,Brooks,6848,5111,,,,
48195,Hansford,5071,3618,,,,
48377,Presidio,5795,4219,,,,
48171,Gillespie,27733,22412,,,,
48345,Motley,1020,819,,,,
48247,Jim Hogg,4720,3365,,,,
48375,Potter,114647,84112,,,,
48371,Pecos,14623,11009,,,,
48291,Liberty,108272,75346,,,,
48217,Hill,38101,29280,,,,
48239,Jackson,15221,11330,,,,
48237,Jack,8875,6909,,,,
48273,Kleberg,30069,22867,,,,
48077,Clay,10738,8542,,,,
48303,Lubbock,320940,245983,,,,
48201,Harris,4835125,3595915,,,,
48117,Deaf Smith,18347,12613,,,,
48173,Glasscock,1141,853,,,,
48189,Hale,31761,23506,,,,
48099,Coryell,84878,65792,,,,
48227,Howard,30554,23509,,,,
48263,Kent,734,557,,,,
48073,Cherokee,52217,39032,,,,
48301,Loving,43,30,,,,
48211,Hemphill,3189,2336,,,,
48005,Angelina,87319,65255,,,,
48361,Orange,85722,63756,,,,
48057,Calhoun,19696,15174,,,,
48205,Hartley,5145,4012,,,,
48271,Kinney,3148,2597,,,,
48061,Cameron,426710,306297,,,,
48275,Knox,3302,2408,,,,
48327,Menard,1958,1592,,,,
48261,Kenedy,343,289,,,,
48347,Nacogdoches,65375,50065,,,,
48245,Jefferson,251496,189667,,,,
48309,McLennan,268583,204435,,,,
48385,Real,2854,2328,,,,
48193,Hamilton,8619,6752,,,,
48355,Nueces,352289,269148,,,,
48325,Medina,54797,42472,,,,
48395,Robertson,17267,13118,,,,
48021,Bastrop,110778,82035,,,,
48403,Sabine,10106,8293,,,,
48177,Gonzales,19930,14670,,,,
48029,Bexar,2087679,1577040,,,,
48259,Kendall,50537,39429,,,,
48389,Reeves,11770,8503,,,,
48207,Haskell,5385,4416,,,,
48203,Harrison,70895,53891,,,,
48289,Leon,16538,12726,,,,
48349,Navarro,55635,40762,,,,
48085,Collin,1195359,903972,,,,
48053,Burnet,53991,43122,,,,
48255,Karnes,15018,12017,,,,
48249,Jim Wells,38662,28172,,,,
48381,Randall,148255,113132,,,,
48343,Morris,12066,9326,,,,
48133,Eastland,18037,14154,,,,
48109,Culberson,2196,1675,,,,
48083,Coleman,7842,6188,,,,
48079,Cochran,2509,1832,,,,
48209,Hays,280486,218510,,,,
48277,Lamar,51127,38549,,,,
48151,Fisher,3612,2830,,,,
48293,Limestone,22250,17239,,,,
48067,Cass,28659,22102,,,,
48187,Guadalupe,188454,143773,,,,
48063,Camp,13000,9495,,,,
48001,Anderson,57736,46379,,,,
48097,Cooke,43782,33539,,,,
48185,Grimes,32384,25008,,,,
48283,La Salle,6537,5295,,,,
48013,Atascosa,51784,38008,,,,
48307,McCulloch,7452,5892,,,,
48091,Comal,193928,151068,,,,
48037,Bowie,91687,69941,,,,
48043,Brewster,9513,7906,,,,
48365,Panola,22838,17537,,,,
48391,Refugio,6666,5209,,,,
48143,Erath,44195,35075,,,,
48055,Caldwell,49859,38288,,,,
48051,Burleson,19475,15139,,,,
48069,Castro,7227,5107,,,,
48197,Hardeman,3490,2702,,,,
48331,Milam,25951,20070,,,,
48165,Gaines,22523,14406,,,,
48139,Ellis,222829,164247,,,,
48267,Kimble,4442,3628,,,,
48089,Colorado,21117,16091,,,,
48035,Bosque,18996,15064,,,,
48105,Crockett,2858,2119,,,,
48257,Kaufman,185690,132239,,,,
48129,Donley,3214,2573,,,,
48323,Maverick,57762,39943,,,,
48225,Houston,22066,17552,,,,
48045,Briscoe,1445,1128,,,,
48373,Polk,54186,43059,,,,
48223,Hopkins,38172,28933,,,,
48241,Jasper,32694,25039,,,,
48149,Fayette,25474,20303,,,,
48339,Montgomery,711354,528013,,,,
48269,King,217,168,,,,
48113,Dallas,2606358,1960720,,,,
48065,Carson,5878,4511,,,,
48081,Coke,3352,2630,,,,
48115,Dawson,12004,9004,,,,
48119,Delta,5520,4187,,,,
48219,Hockley,21460,15783,,,,
48251,Johnson,202906,150832,,,,
48305,Lynn,5761,4156,,,,
48351,Newton,12039,9669,,,,
48253,Jones,20381,16924,,,,
48287,Lee,18240,14389,,,,
48235,Irion,1549,1190,,,,
48321,Matagorda,36359,26887,,,,
48075,Childress,6788,5492,,,,
48369,Parmer,9617,6935,,,,
48011,Armstrong,1832,1422,,,,
48213,Henderson,86158,67684,,,,
48469,Victoria,91664,68723,,,,
48423,Smith,245209,186274,,,,
48405,San Augustine,7833,6232,,,,
48495,Winkler,7414,5280,,,,
48443,Terrell,687,556,,,,
48489,Willacy,20037,15371,,,,
48451,Tom Green,119057,90938,,,,
48455,Trinity,14228,11401,,,,
48491,Williamson,697191,532125,,,,
48439,Tarrant,2182947,1635353,,,,
48473,Waller,63553,48491,,,,
48447,Throckmorton,1526,1159,,,,
48465,Val Verde,47720,34333,,,,
48457,Tyler,20382,16475,,,,
48507,Zavala,9312,6563,,,,
48431,Sterling,1397,980,,,,
48413,Schleicher,2391,1809,,,,
48411,San Saba,5845,4743,,,,
48461,Upton,3109,2293,,,,
48459,Upshur,43281,32998,,,,
48477,Washington,37007,29213,,,,
48463,Uvalde,24960,18337,,,,
48481,Wharton,41739,31173,,,,
48427,Starr,65934,44621,,,,
48503,Young,18124,13798,,,,
48499,Wood,47921,39005,,,,
48493,Wilson,54183,41434,,,,
48467,Van Zandt,64000,49331,,,,
48421,Sherman,2678,1950,,,,
48435,Sutton,3221,2454,,,,
48429,Stephens,9343,7416,,,,
48419,Shelby,24179,17790,,,,
48475,Ward,10966,7825,,,,
48409,San Patricio,70660,52520,,,,
48501,Yoakum,7468,5012,,,,
48505,Zapata,13736,9425,,,,
48479,Webb,269148,186022,,,,
48445,Terry,11547,8240,,,,
48415,Scurry,16212,11981,,,,
48485,Wichita,130180,100315,,,,
48425,Somervell,9888,7756,,,,
48497,Wise,78097,58924,,,,
48433,Stonewall,1218,955,,,,
48449,Titus,31357,22569,,,,
48483,Wheeler,4804,3606,,,,
48487,Wilbarger,12522,9895,,,,
48417,Shackelford,3229,2477,,,,
48407,San Jacinto,28936,22772,,,,
48441,Taylor,146836,110949,,,,
48453,Travis,1334961,1071849,,,,
48471,Walker,81268,69285,,,,
48437,Swisher,6955,5305,,,,
