county_fips,county,total_population,total_pop18plus,coronary_heart_disease,diabetes,high_blood_pressure,obesity,smoking,uninsured,svi_county,svi_location,rpl_themes,rpl_theme1,rpl_theme2,rpl_theme3,rpl_theme4,ep_pov150,ep_unemp,ep_nohsdp,ep_uninsur,ep_age65,ep_disabl,ep_minrty,ep_limeng,ep_noveh,ep_groupq
48001,Anderson,57736,46379,6.65,13.45,52.375,39.7,17.299999999999997,19.15,Anderson County,"Anderson County, Texas",0.896,0.7862,0.5428,0.8129,0.9943,25.7,3.9,15.2,17.4,14.8,16.8,43.3,2,6.5,21.7
48003,Andrews,18664,12871,5.75,12.8,48.35,36.650000000000006,14.45,26,Andrews County,"Andrews County, Texas",0.6834,0.7254,0.608,0.9259,0.3853,22.5,2.7,26.2,24.9,9.6,11.9,61.6,8.2,1.6,0.7
48005,Angelina,87319,65255,7.25,13.95,54.074999999999996,40.9,17.25,19.1,Angelina County,"Angelina County, Texas",0.9917,0.9386,0.9876,0.7916,0.9656,30.8,6,16,18.6,16.3,19.1,40.7,3.6,5.6,3.6
48007,Aransas,25374,20864,7.449999999999999,13.65,53.925,36.2,14.35,16.8,Aransas County,"Aransas County, Texas",0.7614,0.7849,0.3952,0.714,0.7865,26.3,4.4,11.4,15.5,27.6,16.9,34.1,0.7,5.1,1.4
48009,Archer,9029,6979,6.5,11.3,51.275,34.8,14.7,12.7,Archer County,"Archer County, Texas",0.2657,0.3843,0.7531,0.3748,0.035,18.9,3.1,8.8,16.6,20.6,17.6,12.8,1.2,2.5,0.8
48011,Armstrong,1832,1422,6.25,11,51.05,33.3,13.05,11.7,Armstrong County,"Armstrong County, Texas",0.0865,0.0643,0.56,0.3802,0.0458,14.7,0.2,7.2,7.3,28.7,11.7,13,0.9,0,3.1
48013,Atascosa,51784,38008,6.25,14.7,50.95,42.2,13.75,27.7,Atascosa County,"Atascosa County, Texas",0.8664,0.8279,0.8349,0.9551,0.6707,23.7,6.4,19.4,21.4,14.8,11.8,68.7,5.9,5.5,0.9
48015,Austin,31677,24216,6.85,13.25,52.525,37.4,14.75,17.7,Austin County,"Austin County, Texas",0.7133,0.5991,0.8877,0.7821,0.4547,22.2,3.8,12.1,14,20,13,39.9,3.5,3.5,1
48017,Bailey,6672,4676,6.75,14.9,50.45,39.15,14.65,30.4,Bailey County,"Bailey County, Texas",0.7843,0.4712,0.9138,0.966,0.7792,19.1,2.1,26.8,32.1,12.4,13,71.9,18.5,13.2,2.7
48019,Bandera,22637,18811,7.4,13.25,53.575,35.45,14.05,14.95,Bandera County,"Bandera County, Texas",0.5899,0.5838,0.6519,0.6198,0.44,21.5,6.7,8,13.9,27.9,18.8,25.9,2.3,1.5,2.2
48021,Bastrop,110778,82035,6.1,12.7,50.425,40.150000000000006,14,21.950000000000003,Bastrop County,"Bastrop County, Texas",0.7566,0.7276,0.5517,0.8791,0.6872,20.5,4.4,16.9,19.2,15.4,12.1,51.7,4.8,2.9,2.5
48023,Baylor,3463,2691,7.6,13.25,53.175,36.3,16.549999999999997,15.600000000000001,Baylor County,"Baylor County, Texas",0.462,0.5358,0.5313,0.525,0.2647,18.9,1.1,13,16.3,23.9,23.6,19.8,0,3.1,2.3
48025,Bee,30850,24638,6.1,14.25,49.575,39.35,14.9,27.549999999999997,Bee County,"Bee County, Texas",0.9166,0.9507,0.4098,0.9599,0.9329,30.8,6.4,19.8,17.2,12.6,15.2,70.2,3.2,5,23.7
48027,Bell,393193,285194,5.5,12.8,49.6,43.35,13.45,16.15,Bell County,"Bell County, Texas",0.937,0.8871,0.8861,0.9033,0.881,26.1,7.7,9.2,14.5,11.3,14.8,56.8,2.3,5.8,2.9
48029,Bexar,2087679,1577040,5.4,13.850000000000001,49.3,34.150000000000006,12.25,21.9,Bexar County,"Bexar County, Texas",0.9192,0.8995,0.8635,0.972,0.7712,25,5.5,14.1,16,12.3,14.3,73.9,5.6,6.4,1.7
48031,Blanco,13048,10896,6.15,11.149999999999999,51.325,34.4,11.6,12.65,Blanco County,"Blanco County, Texas",0.2339,0.3999,0.2593,0.615,0.0694,15.5,3.9,9.7,15.2,24.3,14.5,25.5,1.4,1.8,1.1
48033,Borden,572,455,6.5,11.25,51.625,33.1,12.600000000000001,11.95,Borden County,"Borden County, Texas",0.0267,6e-4,0.1311,0.4932,0.1193,2.6,1.8,5.5,2.3,18.4,10.5,17.9,0.5,1.4,0
48035,Bosque,18996,15064,7,12.4,52.3,36,14.45,15.35,Bosque County,"Bosque County, Texas",0.5794,0.4919,0.7964,0.5994,0.4356,22.3,3.9,12.3,18.2,24.9,19.3,24.5,2.2,2.9,1.9
48037,Bowie,91687,69941,6.5,12.95,53.05,36.8,16.15,14.25,Bowie County,"Bowie County, Texas",0.8766,0.7413,0.7114,0.7585,0.9768,26.8,4,10,15.5,17.1,12.6,37.8,1.1,6.2,6.2
48039,Brazoria,398938,297394,5,11.65,50.75,36.05,11.45,16.35,Brazoria County,"Brazoria County, Texas",0.6519,0.4588,0.5966,0.9007,0.7245,14.2,4.6,11.2,13.4,12.2,9.7,56.4,3.6,2.7,3.3
48041,Brazos,244703,195226,5.25,11.1,47.45,31.099999999999998,12.75,15.850000000000001,Brazos County,"Brazos County, Texas",0.804,0.8368,0.1464,0.8377,0.9392,31.9,4.6,10.7,12.2,9.5,9.6,45.6,3.2,5.5,7.6
48043,Brewster,9513,7906,5.75,11.65,49.975,33.2,10,16.200000000000003,Brewster County,"Brewster County, Texas",0.6478,0.5352,0.4168,0.8603,0.7359,23.3,3,11.1,11.9,23.9,12.2,48.1,2.1,6.1,2.7
48045,Briscoe,1445,1128,8.3,15.4,54.225,39.65,17.05,21.1,Briscoe County,"Briscoe County, Texas",0.5479,0.8587,0.8072,0.8101,0.008,48,3.3,15.4,20.9,30.1,21.1,43.1,4.9,4,0
48047,Brooks,6848,5111,7.6,19,52.175,42.900000000000006,15.75,37.9,Brooks County,"Brooks County, Texas",0.9163,0.9014,0.8377,0.9965,0.7687,41.9,2.1,29.9,24.6,19.8,23.9,91.7,7,15.5,7.2
48049,Brown,38709,30770,6.9,12.7,51.65,35.05,15.5,17.05,Brown County,"Brown County, Texas",0.9135,0.742,0.9631,0.6701,0.943,24.7,3.8,12.6,17.3,20.1,21.3,30.3,2,5.7,4.7
48051,Burleson,19475,15139,6.45,12.5,52.3,35.849999999999994,14.149999999999999,16.4,Burleson County,"Burleson County, Texas",0.5049,0.4034,0.5399,0.7436,0.4664,18.1,3.8,16.3,13.8,21.7,13.7,36.6,5.2,3.4,1.2
48053,Burnet,53991,43122,6.550000000000001,11.9,51.425,35.349999999999994,13.3,15.25,Burnet County,"Burnet County, Texas",0.5819,0.4986,0.6911,0.6437,0.5046,19.1,3.4,11.6,17.4,23.1,15.9,28.1,2.8,3.3,1.7
48055,Caldwell,49859,38288,6.2,14.05,50.325,42.3,14.5,26.15,Caldwell County,"Caldwell County, Texas",0.8956,0.7299,0.7442,0.9364,0.9745,26.2,2.4,19.7,24.5,15.2,16.1,63.3,5.8,4.5,8.2
48057,Calhoun,19696,15174,6.449999999999999,13.45,50.9,34.95,13.15,22.55,Calhoun County,"Calhoun County, Texas",0.72,0.3605,0.9675,0.9163,0.6007,18.5,3.4,15.7,9.5,18.4,18.8,59.3,4.4,4.1,1.7
48059,Callahan,14374,11235,6.6,11.7,51.65,36.1,14.75,12.9,Callahan County,"Callahan County, Texas",0.2956,0.4155,0.5444,0.4699,0.0929,19.6,4.8,7.9,17.2,20.6,21.1,16.9,0.8,3.4,0.6
48061,Cameron,426710,306297,6.8,17.9,50.4,40.65,13.3,36.099999999999994,Cameron County,"Cameron County, Texas",0.9844,0.9895,0.9163,0.9962,0.8317,40,5.7,29.1,27.5,13.7,12.2,91.6,15.4,6.8,0.8
48063,Camp,13000,9495,7.45,14.9,53.925,40.1,17.45,20.15,Camp County,"Camp County, Texas",0.917,0.9163,0.9927,0.8492,0.4458,34.7,5.4,12.8,22.3,18.2,17.4,46.5,3.4,5,0.5
48065,Carson,5878,4511,5.949999999999999,10.5,50.1,33.9,13.149999999999999,11.75,Carson County,"Carson County, Texas",0.083,0.0888,0.2151,0.4636,0.0945,12.6,1.9,7.6,10.3,21,9.8,16.6,0.6,2.8,1.2
48067,Cass,28659,22102,7.449999999999999,13.85,54.425,39.3,17.45,13.9,Cass County,"Cass County, Texas",0.8619,0.8396,0.9663,0.6045,0.5644,28.6,7.2,12.4,13.7,22.2,21,24.8,0.7,6.1,1.3
48069,Castro,7227,5107,6.6,14.6,50.65,38.55,13.55,28.049999999999997,Castro County,"Castro County, Texas",0.7801,0.7315,0.7716,0.9583,0.5476,25,3.6,24.8,23.5,16.4,8.2,69.4,8.8,3.2,1.1
48071,Chambers,53876,38951,5.25,10.75,48.525,34.8,13.25,15.95,Chambers County,"Chambers County, Texas",0.4798,0.5663,0.5148,0.7391,0.1938,17.6,7.5,10.8,15.9,12.1,10.9,36.3,2.7,2.5,0.5
48073,Cherokee,52217,39032,7.05,13.649999999999999,52.225,35.8,17.1,19.4,Cherokee County,"Cherokee County, Texas",0.9717,0.9306,0.9259,0.7941,0.9551,30.6,5.8,21.1,20.8,17.7,12.6,41.1,4.6,6.1,6.8
48075,Childress,6788,5492,6.1,12,49.6,36.7,15.3,21.200000000000003,Childress County,"Childress County, Texas",0.7178,0.9408,0.5759,0.867,0.1451,32.5,8.6,18,20.3,13.9,16.3,49.2,2.1,2.1,21.4
48077,Clay,10738,8542,6.7,11.5,51.875,34.849999999999994,14.45,11.75,Clay County,"Clay County, Texas",0.1772,0.161,0.602,0.363,0.1044,16.4,1.8,7.1,15.8,22.3,20.5,12.3,0.7,3.3,0.8
48079,Cochran,2509,1832,8.3,17.85,53.099999999999994,42.7,19.35,32.7,Cochran County,"Cochran County, Texas",0.938,0.9135,0.8928,0.9481,0.8005,43.2,7.1,30.6,19.3,16.8,18.2,67,10.6,6,6.2
48081,Coke,3352,2630,7.9,13.850000000000001,53.599999999999994,36.65,15.75,17.35,Coke County,"Coke County, Texas",0.6379,0.6885,0.9287,0.6268,0.1715,29.5,3,14,12.7,27.2,19.2,26.6,1.6,3.6,3.1
48083,Coleman,7842,6188,7.5,13.350000000000001,53.375,37.2,15.75,15.15,Coleman County,"Coleman County, Texas",0.6449,0.692,0.9055,0.5994,0.2154,25.6,6.3,11.8,25,25.5,21,24.5,2.2,6.8,0.8
48085,Collin,1195359,903972,4.3,9.3,48.275,31.95,9.15,10.2,Collin County,"Collin County, Texas",0.2997,0.2393,0.3598,0.8543,0.2358,11.3,4.2,5.6,10.1,11.2,7.5,47.3,3.7,2.9,0.6
48087,Collingsworth,2563,1897,7.35,14.1,52.725,39.2,16.5,20.7,Collingsworth County,"Collingsworth County, Texas",0.8498,0.6793,0.9984,0.7725,0.4913,30.8,2.8,22.2,30.3,20.4,15.7,39.2,2.8,4,2.5
48089,Colorado,21117,16091,6.7,13.25,52.775000000000006,36.45,13.85,18.25,Colorado County,"Colorado County, Texas",0.7639,0.6214,0.6586,0.8352,0.7951,22.2,5.7,15.6,15,22.3,14.2,45.4,2.8,5.6,1.7
48091,Comal,193928,151068,5.25,10.2,49.45,34.75,10.45,13.25,Comal County,"Comal County, Texas",0.2749,0.2374,0.37,0.7276,0.2189,12.2,3.7,6.4,11.2,18.3,14.4,35.3,1.8,2.5,0.7
48093,Comanche,14050,10881,7.2,13.100000000000001,52.400000000000006,36.900000000000006,14.8,18.700000000000003,Comanche County,"Comanche County, Texas",0.7267,0.7642,0.8772,0.7038,0.301,22,7.3,15.4,17.5,23.5,19.1,33.1,3.7,4.3,1.4
48095,Concho,3297,2894,6.949999999999999,13.45,51.675,37.400000000000006,16.05,23.85,Concho County,"Concho County, Texas",0.7534,0.3936,0.9857,0.8403,0.6182,21.8,2.3,25.1,10,24.5,21.6,45.8,14.6,4.3,25.3
48097,Cooke,43782,33539,6.45,11.9,51.275,36.150000000000006,14.65,15.6,Cooke County,"Cooke County, Texas",0.6946,0.5453,0.8486,0.6287,0.6214,20.3,3.9,11.2,15,18.9,13.7,26.8,3.6,4.8,1.5
48099,Coryell,84878,65792,5.2,10.9,48.375,37.65,14.35,15.75,Coryell County,"Coryell County, Texas",0.833,0.7757,0.7528,0.819,0.7626,21.4,7.1,10,12.4,10.7,19.4,44,1.4,4.2,19.2
48101,Cottle,1294,1043,8.5,16.35,55.425,40.55,17.700000000000003,20.6,Cottle County,"Cottle County, Texas",0.6732,0.6828,0.9294,0.7843,0.1864,38.9,4.1,18.1,10.5,21.9,27.8,40.1,0,7.9,0
48103,Crane,4574,3247,6.25,14.75,49.8,39.85,14.4,30.75,Crane County,"Crane County, Texas",0.7092,0.4747,0.4012,0.9625,0.916,18.9,3,25,22,14,5.7,71.1,10.7,9.5,2.6
48105,Crockett,2858,2119,6.800000000000001,14.95,50.925,37.650000000000006,14.350000000000001,28.9,Crockett County,"Crockett County, Texas",0.4098,0.3745,0.7305,0.9141,0.0913,15.4,2,28.1,18.1,23.5,12.6,59,5.4,0,2.1
48107,Crosby,4917,3652,7.5,15.850000000000001,52.65,40.75,16.15,27.75,Crosby County,"Crosby County, Texas",0.9504,0.8438,0.9997,0.9303,0.6048,33.8,4.9,22.2,20,18.4,21.4,62.1,3.4,6.1,1.7
48109,Culberson,2196,1675,7.699999999999999,17.75,52.925,40.55,16.5,31.65,Culberson County,"Culberson County, Texas",0.8393,0.826,0.7986,0.9917,0.5527,28.7,10.1,23.6,14.5,21.7,23.9,88.6,6.4,10.7,1.9
48111,Dallam,7237,4733,6.7,14.649999999999999,50.4,39.650000000000006,16.95,27.45,Dallam County,"Dallam County, Texas",0.6039,0.6637,0.2568,0.8842,0.5313,29.8,2.6,22,25.3,9.5,10.5,52.8,11.8,3.4,0.6
48113,Dallas,2606358,1960720,5.35,12.5,50.1,35.7,12.5,20.6,Dallas County,"Dallas County, Texas",0.8925,0.9271,0.7184,0.9685,0.7171,24.3,4.9,18.9,21.6,11.2,10.2,72.6,10.1,6.7,1.2
48115,Dawson,12004,9004,6.95,15.3,50.8,39.7,17.35,29.85,Dawson County,"Dawson County, Texas",0.9876,0.9981,0.9338,0.9551,0.7709,40,9.5,29.8,19.9,14.1,16.4,68.7,3.2,8.3,14.5
48117,Deaf Smith,18347,12613,6.949999999999999,16.2,50.675,41,15.9,34.900000000000006,Deaf Smith County,"Deaf Smith County, Texas",0.7245,0.6615,0.8206,0.9793,0.3885,32.5,2.1,27.8,23.2,12.9,8.2,77.8,8.3,3.4,1.1
48119,Delta,5520,4187,6.8,12.3,52.125,37.05,16.05,13.7,Delta County,"Delta County, Texas",0.3665,0.5985,0.4101,0.5597,0.0818,23.5,6.4,10.8,7,20.3,17.2,22.1,0.5,3.3,1.2
48121,Denton,1007703,775771,4.35,9.75,47.025,33.45,9.65,11.3,Denton County,"Denton County, Texas",0.3796,0.3051,0.3684,0.825,0.3357,12.1,4,6.7,10.9,10.9,8.8,44.4,3.3,3.1,1.3
48123,DeWitt,19929,15349,7.199999999999999,14.55,52.875,37.55,16.05,21.75,DeWitt County,"DeWitt County, Texas",0.8441,0.7887,0.5418,0.8508,0.9096,26.6,5.2,15.9,17.3,19.6,16.6,46.7,2,7.7,9.7
48125,Dickens,1711,1399,7.85,14.45,53.925000000000004,37.8,15.5,19.5,Dickens County,"Dickens County, Texas",0.7588,0.8431,0.9446,0.7938,0.1508,27.4,9.7,14.5,14.8,23.9,20.2,41,1.6,5.3,4.8
48127,Dimmit,8257,5890,9.2,22.45,54.925,47.25,19.4,41.35,Dimmit County,"Dimmit County, Texas",0.9994,0.9812,0.9971,0.994,0.9631,60.9,4.7,27.2,17.3,17,18.3,90.3,4.9,14.9,1.7
48129,Donley,3214,2573,7.1,12.45,52.375,35.05,15.15,15,Donley County,"Donley County, Texas",0.3353,0.4957,0.0608,0.5711,0.4006,20.6,0,15.5,17.2,23.8,9.3,22.7,0.1,3.7,10.7
48131,Duval,9604,7139,7.5,17.9,52.05,41.7,15.3,35.65,Duval County,"Duval County, Texas",0.9768,0.8925,0.9841,0.9936,0.9045,32.6,8.4,26.6,20.2,15.8,20.8,90.1,4.2,10.2,5.5
48133,Eastland,18037,14154,7.1499999999999995,12.75,52.025000000000006,35.85,16.05,16.3,Eastland County,"Eastland County, Texas",0.8616,0.7467,0.9131,0.5679,0.8797,26.4,4.9,14.6,16.2,21.6,19.2,22.6,1.7,6.3,5.5
48135,Ector,164494,114193,5.6,13.2,47.875,40.05,14.2,27.9,Ector County,"Ector County, Texas",0.9421,0.9364,0.7906,0.9618,0.8645,24.7,5.8,23.2,21.8,9.5,10.2,71,6.7,5.2,1.2
48137,Edwards,1393,1097,8.5,16.5,54.525,38.55,15.3,26.25,Edwards County,"Edwards County, Texas",0.6844,0.8492,0.8008,0.8756,0.1079,40.9,0,25.6,25.9,22,14.3,50.8,4.9,3,2.5
48139,Ellis,222829,164247,5.199999999999999,11.25,49.75,37.05,12.55,15.8,Ellis County,"Ellis County, Texas",0.5695,0.4801,0.755,0.8171,0.3522,14.7,3.9,11.7,16.1,12.9,12,43.8,3.2,2.9,0.9
48141,El Paso,869880,646273,5.699999999999999,15.350000000000001,50.05,34.2,12.3,29.05,El Paso County,"El Paso County, Texas",0.9825,0.9898,0.9182,0.992,0.8145,31.8,6.8,20,21.8,12.5,13.9,88.8,13.1,6.5,1.6
48143,Erath,44195,35075,5.75,10.9,48.5,34.599999999999994,13.7,15.05,Erath County,"Erath County, Texas",0.7996,0.9061,0.1454,0.6316,0.9198,27.6,5.6,12.9,14.8,14.2,12.9,27,3.5,4.1,6.3
48145,Falls,17286,13585,7.3,14.950000000000001,54.05,40.15,17.25,19.75,Falls County,"Falls County, Texas",0.972,0.9803,0.5132,0.8734,0.992,36,7.4,17.5,16.9,18.7,18.7,50.4,1.6,8.9,11.1
48147,Fannin,37571,29614,6.75,12.3,51.525000000000006,39.150000000000006,16.65,15.600000000000001,Fannin County,"Fannin County, Texas",0.643,0.7047,0.3519,0.5759,0.6713,23.7,4.7,14.3,15.6,18.1,15.2,23,1.7,3.2,8.6
48149,Fayette,25474,20303,6.55,11.95,51.975,34.15,12.600000000000001,14.8,Fayette County,"Fayette County, Texas",0.5234,0.3471,0.5883,0.6685,0.6185,17.2,3.5,10.1,11,26.1,15.6,30.2,2,4.8,2
48151,Fisher,3612,2830,6.7,12.65,52.225,36.1,13.600000000000001,16.2,Fisher County,"Fisher County, Texas",0.4248,0.328,0.9644,0.7735,0.0433,19,2.9,13.8,13,23.1,18.1,39.3,3,5.6,1.1
48153,Floyd,5090,3788,7.4,15.7,52.175,39.400000000000006,15.45,28.200000000000003,Floyd County,"Floyd County, Texas",0.7722,0.7865,0.9895,0.9405,0.1024,29.4,4.1,28.8,24.3,18.3,15.6,64.2,6.4,10.2,0.6
48155,Foard,1079,854,8.95,15.899999999999999,55.550000000000004,40.55,18.6,19.1,Foard County,"Foard County, Texas",0.6071,0.9335,0.4257,0.6936,0.0951,34.9,5.9,19.6,12.1,30.3,19.8,32.1,0.1,5.4,3.7
48157,Fort Bend,916778,674906,4.5,11.55,49.45,29.75,9.65,12.8,Fort Bend County,"Fort Bend County, Texas",0.4515,0.3824,0.5431,0.959,0.2393,12.7,5.2,8.5,11.8,11.8,7.3,69.7,5,2.8,0.7
48159,Franklin,10735,8409,6.4,11.45,51.475,35.4,13.3,12.95,Franklin County,"Franklin County, Texas",0.3821,0.3863,0.79990000000000006,0.5797,0.0964,11.6,6.5,8.5,15.2,22.1,16.4,23.3,2.2,1.9,0.9
48161,Freestone,20441,15822,6.95,13.3,53.4,38.2,16.1,16.5,Freestone County,"Freestone County, Texas",0.8088,0.6297,0.9418,0.7321,0.6917,25.6,3.5,15,11.4,19.9,19.8,35.8,1.3,3.3,7.3
48163,Frio,17987,13345,6.4,15.9,49.125,41,15.35,36.75,Frio County,"Frio County, Texas",0.9698,0.832,0.8498,0.9876,0.9965,30.2,2.6,30,14.3,12.6,15.1,84.8,9.6,10.9,18.7
48165,Gaines,22523,14406,5.75,12.05,47.275,36.3,16.549999999999997,25.700000000000003,Gaines County,"Gaines County, Texas",0.6745,0.5985,0.7836,0.8403,0.4429,21.5,3.4,39.6,29.5,8.9,12.1,45.8,6.9,4.1,0.7
48167,Galveston,361744,277060,5.5,11.55,50.65,33.9,12.3,15.25,Galveston County,"Galveston County, Texas",0.7378,0.7028,0.6172,0.8304,0.6551,18.3,5.9,10.3,13.8,14.9,12.9,44.9,3,5.4,1.7
48169,Garza,4517,3597,6.800000000000001,14.7,50.225,39.9,16.9,30.95,Garza County,"Garza County, Texas",0.6984,0.8447,0.2456,0.9185,0.4925,26,9.9,30,16.3,16.8,18.1,59.7,13.6,6.3,24.3
48171,Gillespie,27733,22412,6.65,11.55,52.125,33.25,11.5,14.399999999999999,Gillespie County,"Gillespie County, Texas",0.6392,0.5472,0.6379,0.636,0.6513,14.3,3.5,11.3,17.9,29,14.7,27.5,4.5,5.5,1.2
48173,Glasscock,1141,853,5.2,10.4,48.349999999999994,33.8,10.7,15.600000000000001,Glasscock County,"Glasscock County, Texas",0.2784,0.2536,0.5625,0.7366,0.1187,10.1,1.3,13.9,22.5,12.7,9.4,36.1,7.5,1.2,0
48175,Goliad,7144,5744,7.1,13.6,52.575,37.05,14.45,18.700000000000003,Goliad County,"Goliad County, Texas",0.5243,0.5033,0.574,0.8066,0.3198,21.4,4.8,15.5,11.2,23.9,16,42.7,2.2,8.6,1.6
48177,Gonzales,19930,14670,7.1,14.85,52.225,39.599999999999994,15.950000000000001,26.35,Gonzales County,"Gonzales County, Texas",0.9087,0.6567,0.978,0.9195,0.8956,24,1,22.6,18.9,16.9,16.4,59.9,6.6,8.3,1.7
48179,Gray,20916,15662,6.8,13.15,51.5,38.5,16.45,20.3,Gray County,"Gray County, Texas",0.8645,0.9268,0.8346,0.7684,0.5593,28.7,5.4,18.4,19.5,16.1,13.3,38.9,4.3,3.2,7.7
48181,Grayson,146907,111562,6.1,11.55,50.4,33.9,14.5,14,Grayson County,"Grayson County, Texas",0.6888,0.5905,0.7989,0.6249,0.588,19.7,3.9,9.6,16.6,17.9,13.8,26.5,2.4,3.8,1.7
48183,Gregg,126243,93766,6.300000000000001,12.9,52.125,37,15.5,16.5,Gregg County,"Gregg County, Texas",0.8731,0.7677,0.8444,0.8212,0.8565,25.6,3.7,13.6,17,15.7,13.1,44.2,2.7,5.2,3.7
48185,Grimes,32384,25008,6.8,13.350000000000001,52.2,37.1,15.8,18.85,Grimes County,"Grimes County, Texas",0.8676,0.8377,0.7786,0.8008,0.7836,24.7,5.6,19.2,18.2,18.2,14.4,41.9,3.4,3.2,11.8
48187,Guadalupe,188454,143773,5.3,12.2,49.925,34.55,12.5,17.3,Guadalupe County,"Guadalupe County, Texas",0.5256,0.3939,0.643,0.8797,0.4031,16.4,4.3,10.9,11.5,14.2,13.7,51.9,2.8,2.7,1.1
48189,Hale,31761,23506,6.85,15.3,51.025,39.2,15.9,29.1,Hale County,"Hale County, Texas",0.9332,0.9176,0.8921,0.9532,0.7744,32.1,4.7,25.2,22.3,13.9,12.3,68.3,6.4,3.7,7.3
48191,Hall,2818,2210,8,15.55,54.275,39.55,15.95,22.15,Hall County,"Hall County, Texas",0.8689,0.8527,0.9943,0.8438,0.2969,32.3,7.5,18.2,21.2,22.5,17.7,46,3.6,3.3,2.3
48193,Hamilton,8619,6752,7.4,12.8,53.05,36.35,15.65,15.1,Hamilton County,"Hamilton County, Texas",0.6634,0.6029,0.9637,0.4763,0.314,27.5,2.8,10.7,15.1,25.8,20,17.2,3.2,3.4,3.3
48195,Hansford,5071,3618,6.300000000000001,12.95,49.825,37.099999999999994,13.85,23.7,Hansford County,"Hansford County, Texas",0.4836,0.6036,0.3859,0.8781,0.1839,21.3,4.3,27.8,17,13.6,11.9,51.5,8.2,4.7,1.4
48197,Hardeman,3490,2702,7.35,13.55,52.85,37.8,16.15,17.95,Hardeman County,"Hardeman County, Texas",0.4222,0.3952,0.874,0.735,0.0668,21.3,2.5,15,14.9,20,21.4,35.9,4.6,4.1,0.9
48199,Hardin,58261,43697,6.199999999999999,11.4,50.975,33.85,15.649999999999999,12.85,Hardin County,"Hardin County, Texas",0.6465,0.5285,0.9017,0.4537,0.5256,21.5,4.6,11.1,16.5,17.2,18.6,16,0.9,4.8,0.9
48201,Harris,4835125,3595915,5.45,13.2,49.675,37.2,12.649999999999999,21.4,Harris County,"Harris County, Texas",0.9201,0.965,0.7458,0.9672,0.7089,25.7,6.4,17.9,21.2,11,10,72.4,11.2,6.7,1
48203,Harrison,70895,53891,6.5,12.850000000000001,52.7,39,15.45,14.75,Harrison County,"Harrison County, Texas",0.9036,0.7983,0.9602,0.7646,0.8008,25.5,6.1,10.7,16.3,17,17.4,38.6,2.1,6.4,2.3
48205,Hartley,5145,4012,5.9,11.4,49.575,34.4,13.4,18.9,Hartley County,"Hartley County, Texas",0.4683,0.4458,0.1346,0.7843,0.6163,12.5,1.5,15.8,21.5,16.2,10.6,40.1,1.7,2.4,27.4
48207,Haskell,5385,4416,7.25,13.600000000000001,52.275,36.75,16.55,20.5,Haskell County,"Haskell County, Texas",0.812,0.8829,0.8896,0.741,0.3563,27.8,6.3,20.5,20.4,23.4,23.3,36.4,3.4,5.2,5
48209,Hays,280486,218510,4.9,10.5,47.125,34.9,11,16.65,Hays County,"Hays County, Texas",0.6723,0.7089,0.1804,0.8673,0.7432,20.9,5.1,9.1,12.9,11.4,11.1,49.3,3.3,2.8,2.9
48211,Hemphill,3189,2336,5.55,10.649999999999999,49.075,32.95,11.899999999999999,16.85,Hemphill County,"Hemphill County, Texas",0.5577,0.3818,0.9033,0.7668,0.3182,11.7,4.1,11.4,18.2,18.8,18.9,38.8,8.2,3.6,1.5
48213,Henderson,86158,67684,7.15,12.9,53.1,35.5,16.35,15.3,Henderson County,"Henderson County, Texas",0.8291,0.8361,0.6542,0.5953,0.8186,27.3,5.5,13.3,18.7,22.2,17.8,24.2,1.3,5.4,1.7
48215,Hidalgo,898471,624451,6.55,17.549999999999997,50.15,44.6,13.55,37.45,Hidalgo County,"Hidalgo County, Texas",0.9841,0.999,0.8855,0.9975,0.7515,41.9,7.6,31.4,31,11.2,12.1,94.3,17.9,5.6,1
48217,Hill,38101,29280,6.85,12.85,52.1,36.95,15.45,17,Hill County,"Hill County, Texas",0.8562,0.7292,0.945,0.6806,0.7779,23.4,4.5,14.4,17.9,20.5,17.4,31.2,2.6,5.5,2.6
48219,Hockley,21460,15783,6.300000000000001,13.5,50.3,36.25,14.6,23.5,Hockley County,"Hockley County, Texas",0.93,0.8365,0.9494,0.8941,0.8311,27,5.3,20.5,20,15,15.7,55.4,4.2,5.9,2.9
48221,Hood,67774,53986,6.2,10.85,51.1,33.3,12.2,12.1,Hood County,"Hood County, Texas",0.525,0.5243,0.4244,0.4871,0.559,15.4,5.8,7.6,14.4,25.2,12.9,17.6,1.9,2.5,1.4
48223,Hopkins,38172,28933,6.55,12.3,51.525,37.6,15.7,16.450000000000003,Hopkins County,"Hopkins County, Texas",0.7525,0.7811,0.7296,0.6449,0.5488,24,4.8,15.1,18.8,18.3,14.3,28.2,2.9,4.1,1.4
48225,Houston,22066,17552,7.75,15.15,54.8,38.2,18,18.35,Houston County,"Houston County, Texas",0.9625,0.9195,0.8699,0.7836,0.9672,33.1,4.5,17.6,16.3,22.1,22.4,40,1.3,7.8,13.7
48227,Howard,30554,23509,6.199999999999999,13.399999999999999,49.9,38.3,15,23.7,Howard County,"Howard County, Texas",0.8816,0.777,0.7684,0.8877,0.9224,24.7,5.2,19,16.6,12.7,16.2,54,5.8,5.2,11.8
48229,Hudspeth,3451,3036,6.9,15.85,49.05,41.05,18.7,37.75,Hudspeth County,"Hudspeth County, Texas",0.9943,0.985,0.8603,0.9863,0.9835,43.7,8.2,45.1,29,11,32.3,83.6,32.1,8.2,26.9
48231,Hunt,113347,85368,6.15,11.75,50.575,36.8,15.3,16.45,Hunt County,"Hunt County, Texas",0.8746,0.825,0.7038,0.6828,0.9322,22.7,5.8,12.3,16.3,15.9,15.4,31.3,2.3,4.8,3
48233,Hutchinson,20033,15111,6.35,11.95,50.425,35.150000000000006,14.9,17,Hutchinson County,"Hutchinson County, Texas",0.3245,0.4416,0.6421,0.6872,0.0452,17.7,4.3,14.1,15.6,17.2,16.6,31.6,1.3,4.2,0.9
48235,Irion,1549,1190,6.25,11.850000000000001,50.85,35.05,12.9,15,Irion County,"Irion County, Texas",0.2962,0.4047,0.2838,0.6389,0.1549,11.7,1.3,11.2,22.2,19.4,13,27.7,0.3,0.6,0
48237,Jack,8875,6909,7,12.600000000000001,51.324999999999996,37.849999999999994,17.6,18.3,Jack County,"Jack County, Texas",0.9418,0.9491,0.7191,0.5927,0.9691,28.4,8.2,20.4,18.6,17.3,13.8,24.1,2.6,10.8,12
48239,Jackson,15221,11330,6.85,13.399999999999999,51.925,37.900000000000006,15.25,20.049999999999997,Jackson County,"Jackson County, Texas",0.8094,0.7385,0.8333,0.8059,0.664,23.2,5.5,19.4,15.3,19.3,15,42.6,3.3,6.7,1.4
48241,Jasper,32694,25039,7.8,14.600000000000001,54.925,41.150000000000006,19.2,15.45,Jasper County,"Jasper County, Texas",0.8737,0.8979,0.6271,0.6223,0.9074,33.8,12.5,12.7,20.1,20.5,13.9,26.3,0.7,5.9,2.9
48243,Jeff Davis,1856,1764,9.350000000000001,17.15,56.975,37.95,14.65,18.65,Jeff Davis County,"Jeff Davis County, Texas",0.4738,0.5046,0.4725,0.5558,0.3602,33,0,14.3,17.2,41.7,15.2,21.9,7.1,2.7,2.1
48245,Jefferson,251496,189667,6.6,14.899999999999999,53.675,41.25,16.15,19.1,Jefferson County,"Jefferson County, Texas",0.9723,0.9313,0.924,0.9259,0.929,29.2,5.4,15.2,20.8,14.9,15.1,61.6,4.8,7.4,6.1
48247,Jim Hogg,4720,3365,8.95,21.5,54.2,45.2,17.7,40.95,Jim Hogg County,"Jim Hogg County, Texas",0.6427,0.8991,0.1941,0.9933,0.2294,48.5,4.5,21.4,27.1,8.4,13.5,90,0.9,4.9,0.9
48249,Jim Wells,38662,28172,7.05,17.1,51.675,40.7,14.75,33.2,Jim Wells County,"Jim Wells County, Texas",0.9491,0.9415,0.9822,0.9847,0.5431,34.6,5.2,21.7,20.2,15.8,17.3,82.3,3.5,7.6,1
48251,Johnson,202906,150832,5.65,11.45,49.5,33.25,14.350000000000001,16.5,Johnson County,"Johnson County, Texas",0.6284,0.5511,0.6083,0.6911,0.6083,18,3.5,13.6,16.5,14,10.8,31.9,3,2.4,1.6
48253,Jones,20381,16924,6.55,12.95,50.675,38.75,17.200000000000003,22.200000000000003,Jones County,"Jones County, Texas",0.5829,0.7722,0.2265,0.8075,0.3633,26.1,4.7,19.2,19.3,15.6,17.4,42.9,1.9,3.6,31.5
48255,Karnes,15018,12017,6.45,14.2,50.225,39.099999999999994,16.1,28,Karnes County,"Karnes County, Texas",0.9367,0.8155,0.6042,0.9491,0.9978,29.7,5.3,23.9,16.3,14.4,13.5,67.2,6.3,8.8,24.9
48257,Kaufman,185690,132239,5.2,11.35,49.3,37.8,13.85,16.8,Kaufman County,"Kaufman County, Texas",0.7089,0.7076,0.7006,0.8225,0.4629,18.4,4.9,13.7,13.6,11.2,10.9,44.3,1.9,3.2,1
48259,Kendall,50537,39429,5.3,9.95,49.425,34.2,10,12,Kendall County,"Kendall County, Texas",0.3411,0.2809,0.4152,0.6624,0.321,11.5,4.8,7.5,12,19.6,11.5,29.8,3.4,2.6,1.3
48261,Kenedy,343,289,7.3500000000000005,16.7,50.925,37.9,15.3,35.8,Kenedy County,"Kenedy County, Texas",0.6678,0.6449,0.9917,1,0.0426,51.7,0,66.7,18.1,36.2,25,98.3,36.4,0,4.3
48263,Kent,734,557,6.2,11.100000000000001,51.2,32.8,11.8,12.7,Kent County,"Kent County, Texas",0.2393,0.1486,0.7531,0.4779,0.146,9.2,5.4,11.5,4.2,37.3,20.1,17.3,0.3,2.8,9.9
48265,Kerr,53915,44017,7.1,12.75,52.599999999999994,34.849999999999994,12.9,16.299999999999997,Kerr County,"Kerr County, Texas",0.7442,0.6322,0.5733,0.7105,0.8393,22.9,3.3,10.3,18.1,27.9,16.1,33.7,1.6,4.4,3.7
48267,Kimble,4442,3628,8,14.15,54.15,37.15,15.3,17.549999999999997,Kimble County,"Kimble County, Texas",0.4948,0.531,0.566,0.6532,0.2714,27.9,0.8,14.7,17.9,28,18.8,29,1.3,4.2,0.8
48269,King,217,168,8.55,14.5,54.625,37.8,17.65,16.55,King County,"King County, Texas",0.4438,0.6764,0.8056,0.7464,0.0092,40.3,4.5,21.3,10.6,13,12.5,37,7.4,0,0
48271,Kinney,3148,2597,7.35,14.5,52.150000000000006,37.599999999999994,12.7,25.65,Kinney County,"Kinney County, Texas",0.6265,0.4855,0.9313,0.9427,0.2364,30.2,1.9,15.4,13.6,24,34,64.8,6.3,3.1,7
48273,Kleberg,30069,22867,6.15,14.7,49.125,38.55,13,28.049999999999997,Kleberg County,"Kleberg County, Texas",0.9924,0.9936,0.8221,0.9819,0.9704,37.6,7.5,17.6,17.3,13.1,14.2,80.2,2.3,6.1,5.6
48275,Knox,3302,2408,7.1,14.05,52.875,37.9,15.8,19.700000000000003,Knox County,"Knox County, Texas",0.6564,0.65,0.9205,0.8171,0.189,29.6,1.6,18.2,16.1,18.6,19.8,43.8,3.2,3.4,4
48277,Lamar,51127,38549,6.949999999999999,13.100000000000001,53,38.6,16.95,14.45,Lamar County,"Lamar County, Texas",0.8536,0.7856,0.9752,0.6373,0.601,26.9,3.9,12.5,19,19.3,18.9,27.6,1.2,7.1,1.5
48279,Lamb,12711,9252,7.1,15.450000000000001,51.85,40.2,15.399999999999999,27.8,Lamb County,"Lamb County, Texas",0.8221,0.6818,0.9885,0.9332,0.3888,30.5,2.8,23.3,25.4,17.1,16.3,62.5,7.7,4.9,1.5
48281,Lampasas,23262,18331,6.55,12.5,51.7,34.95,14.25,15.05,Lampasas County,"Lampasas County, Texas",0.658,0.6774,0.8094,0.6599,0.3474,21.7,5.3,9.7,13.6,20.5,22.9,29.6,0.9,4.4,1.2
48283,La Salle,6537,5295,6.9,16.05,49.475,39.849999999999994,16.15,39.35,La Salle County,"La Salle County, Texas",0.9128,0.9631,0.6557,0.9952,0.7356,33.8,4.2,37.6,19.7,17.3,10.1,91.4,8.2,2.5,13.8
48285,Lavaca,20571,15741,7.050000000000001,12.85,52.875,36.55,14.75,15.899999999999999,Lavaca County,"Lavaca County, Texas",0.5752,0.4184,0.8298,0.6449,0.4823,21.9,3,14.7,10.5,23.7,14.4,28.2,1.5,3.6,2.2
48287,Lee,18240,14389,7.15,13.9,53.225,39.7,16.5,19.15,Lee County,"Lee County, Texas",0.7856,0.6398,0.7677,0.7598,0.7983,26.2,2.8,13.5,13.8,20.5,15.6,38,2.7,4.7,2.5
48289,Leon,16538,12726,7.4,13.350000000000001,53.35,36.3,16.2,16.25,Leon County,"Leon County, Texas",0.6974,0.6233,0.9758,0.6102,0.2673,23.4,5.1,15.4,18.6,23.6,22.5,25.2,2.4,1.9,0.6
48291,Liberty,108272,75346,6.55,13.850000000000001,50.7,40.05,17.8,23.950000000000003,Liberty County,"Liberty County, Texas",0.9739,0.9758,0.8053,0.8139,0.9564,30.1,6.9,21.6,24.5,12.6,16.2,43.4,5.6,4.6,6.6
48293,Limestone,22250,17239,7.35,14.600000000000001,54.175,39.8,16.8,18.55,Limestone County,"Limestone County, Texas",0.9065,0.8196,0.9714,0.8199,0.7152,31.4,3.6,15.4,19.1,20.6,16.8,44.1,2.8,3.9,4.2
48295,Lipscomb,2906,2179,7,13.45,51.75,36.8,14.6,20.65,Lipscomb County,"Lipscomb County, Texas",0.7703,0.6472,0.9835,0.7922,0.3388,22.5,5.9,14.9,19.9,16.7,15.3,40.8,7.9,4.3,1.6
48297,Live Oak,11584,9407,7.65,15.2,52.75,39.900000000000006,17,25.450000000000003,Live Oak County,"Live Oak County, Texas",0.9039,0.7665,0.7267,0.8686,0.9809,31.2,3.6,24.6,18,21.3,16.3,49.5,3.5,6.9,13.2
48299,Llano,22875,19317,7.7,12.899999999999999,54.45,36.25,13.1,13,Llano County,"Llano County, Texas",0.6192,0.6984,0.7731,0.4445,0.3452,21.5,6,8.5,14.8,37.1,21.7,15.7,1.5,3.3,1
48301,Loving,43,30,NA,NA,NA,NA,NA,NA,Loving County,"Loving County, Texas",0.4356,0,0.9866,0.0579,0.9828,7.3,0,3.2,0,35.4,18.8,5.2,6.8,12.5,0
48303,Lubbock,320940,245983,5.5,11.7,48.25,36.25,13.149999999999999,17.700000000000003,Lubbock County,"Lubbock County, Texas",0.8422,0.8177,0.5005,0.8632,0.8613,26.9,4.6,11.7,13.5,12.7,12.9,48.6,1.7,5.6,4.2
48305,Lynn,5761,4156,6.95,14.3,51.5,38.55,15.95,22.15,Lynn County,"Lynn County, Texas",0.6898,0.8317,0.9459,0.8686,0.0442,37,3.6,18.6,16.7,15.8,19.7,49.5,3.1,4.2,1.1
48307,McCulloch,7452,5892,7.3,13.7,52.675,36.55,15.399999999999999,19.5,McCulloch County,"McCulloch County, Texas",0.7897,0.9154,0.8909,0.7607,0.2049,23.6,8.7,20.1,18.9,22.6,21,38.1,2.8,4.8,1.8
48309,McLennan,268583,204435,6,12.35,50.75,35.45,14,16.950000000000003,McLennan County,"McLennan County, Texas",0.8861,0.8521,0.7951,0.8346,0.8333,28.8,4.4,13.1,14.1,14.8,13.4,45.3,3.7,5.2,3.7
48311,McMullen,568,445,8.1,15.95,53.85,38.85,16.3,22.65,McMullen County,"McMullen County, Texas",0.8104,0.6933,0.9952,0.9236,0.2689,41,2.4,11.1,22.1,19.1,16.1,61.2,2.9,3,0
48313,Madison,13742,10656,6.5,13,51.075,37.55,16.65,21.15,Madison County,"Madison County, Texas",0.9131,0.714,0.6914,0.8501,0.9987,22,6.3,21.1,13.3,15.2,16.5,46.6,4.6,8.7,16.3
48315,Marion,9571,7838,8.3,15.450000000000001,56.45,39.1,18.1,14.3,Marion County,"Marion County, Texas",0.7315,0.7821,0.7983,0.6599,0.4088,28.2,10.7,13.3,11.6,27.1,22.3,29.6,1.2,4.9,1.1
48317,Martin,5216,3571,5.45,11.8,48.35,35.8,13.9,22,Martin County,"Martin County, Texas",0.5966,0.6618,0.6437,0.9045,0.2199,19.9,10.2,15.8,14.7,10.5,11.1,57,2.9,0,1.1
48319,Mason,3931,3203,7,12.15,52.525,33.9,11.95,15.05,Mason County,"Mason County, Texas",0.2724,0.3007,0.9115,0.5352,0.0146,13.3,2.8,15.1,11.2,31.2,18.9,20.3,3.4,3.4,0.2
48321,Matagorda,36359,26887,7.1,15.149999999999999,52.975,39.45,15.4,23.1,Matagorda County,"Matagorda County, Texas",0.9758,0.9723,0.9825,0.9122,0.7308,31.2,6.7,18.5,17.3,17.4,17.4,58.6,3.5,6.6,1
48323,Maverick,57762,39943,6.6,17.950000000000003,50.225,44.25,14.5,38.9,Maverick County,"Maverick County, Texas",0.9901,0.9971,0.9023,0.9997,0.8549,38.5,7.1,35.4,28.1,11.8,12.1,97.3,22,7.8,0.5
48325,Medina,54797,42472,6,13.4,50.925,39.55,12.649999999999999,22.1,Medina County,"Medina County, Texas",0.741,0.4018,0.8562,0.9141,0.8209,17.7,2.4,14,13.7,17,18.7,59,3.7,4.7,4.5
48327,Menard,1958,1592,8.100000000000001,14.850000000000001,54.125,37.05,14.5,21.4,Menard County,"Menard County, Texas",0.8606,0.9733,0.8629,0.7693,0.3322,27.2,14.3,22.1,25.4,35.5,29,39,2.8,4.1,2.4
48329,Midland,177108,125208,4.9,11.100000000000001,47.8,35.849999999999994,11.95,19.85,Midland County,"Midland County, Texas",0.7397,0.5867,0.6787,0.9077,0.7318,16.2,3.4,15.6,15.4,10.3,10.8,57.6,5.4,4.7,1.1
48331,Milam,25951,20070,6.95,13.4,52.65,37.2,15.5,18.15,Milam County,"Milam County, Texas",0.798,0.755,0.8648,0.7706,0.5714,23.9,5.8,14.2,16.2,20.7,15.8,39.1,3.6,4,2
48333,Mills,4548,3625,7,12,52.275,33.3,13.2,14,Mills County,"Mills County, Texas",0.4693,0.3283,0.9364,0.6618,0.1616,16.2,2.3,12.1,13.5,28.1,16.1,29.7,1.8,1.6,3.7
48335,Mitchell,9075,7271,6.5,13.4,50.375,38.75,16.35,24.049999999999997,Mitchell County,"Mitchell County, Texas",0.6958,0.5504,0.4206,0.8915,0.8218,27.4,1.4,16.2,25.8,14.3,14.7,54.9,4.1,1.9,16.7
48337,Montague,21598,16711,6.9,11.95,51.725,35,15.9,14.55,Montague County,"Montague County, Texas",0.5959,0.6484,0.8953,0.434,0.2211,21,5.1,12,15.6,21.6,19.8,15.2,0.9,4.6,1.8
48339,Montgomery,711354,528013,5.15,10.9,48.675,31.6,11.7,14.95,Montgomery County,"Montgomery County, Texas",0.5212,0.4451,0.4254,0.7579,0.5358,15.9,4.3,10.2,14.3,13.4,10.1,37.7,4.1,3.3,0.5
48341,Moore,21190,14480,6.5,14.8,50.025,39.05,15.75,29.4,Moore County,"Moore County, Texas",0.882,0.805,0.8358,0.9586,0.8011,26.7,2.5,32.1,21.4,11.2,10.9,69.6,16.8,7.7,0.8
48343,Morris,12066,9326,7.25,14.2,54.675000000000004,39.05,16.95,15.1,Morris County,"Morris County, Texas",0.7792,0.6872,0.9376,0.749,0.5033,26,5.9,12.4,13.5,21.7,20.7,37.2,0.4,5.7,1.3
48345,Motley,1020,819,7.4,12.6,53.05,35.5,14.8,15.75,Motley County,"Motley County, Texas",0.1721,0.3236,0.5889,0.5616,0.0067,15.5,3,14,18.6,31.3,23.1,22.2,0,2.4,0
48347,Nacogdoches,65375,50065,6.6,13.1,51.375,34.3,15.75,17.049999999999997,Nacogdoches County,"Nacogdoches County, Texas",0.9952,0.972,0.9106,0.797,0.9984,34.3,6.6,14.8,15.5,15.3,16.6,41.5,3.6,6,8
48349,Navarro,55635,40762,7,14.4,52.35,38.3,16.85,21.200000000000003,Navarro County,"Navarro County, Texas",0.979,0.9628,0.9685,0.8565,0.8587,30.4,5.6,19.6,18.1,16.6,17.4,47.5,4.8,5.1,2.1
48351,Newton,12039,9669,8.95,16.35,56.475,42.7,22.549999999999997,16.75,Newton County,"Newton County, Texas",0.8463,0.9574,0.4092,0.6128,0.7843,38,10.6,18.1,24.3,22.2,15.4,25.4,0,7.6,1.3
48353,Nolan,14306,10732,7.65,15.25,53.025,40.65,17.5,23.35,Nolan County,"Nolan County, Texas",0.9815,0.9255,0.9981,0.8571,0.8212,34.3,6.6,16.1,17.1,19.2,19.6,47.6,2.8,6.8,2
48355,Nueces,352289,269148,6.1,15.15,51.075,39.85,13.25,24.8,Nueces County,"Nueces County, Texas",0.9351,0.9332,0.7801,0.9666,0.8492,26.4,5.7,15.5,18.1,15,13.1,72,2.6,7,2.4
48357,Ochiltree,9704,6797,6.5,13.8,50.225,39.400000000000006,15.05,26.35,Ochiltree County,"Ochiltree County, Texas",0.8244,0.6863,0.9434,0.9163,0.5765,29.6,1.5,23.7,23.7,10.7,14.3,59.3,15.3,3.3,0.7
48359,Oldham,1783,1398,6.3,12.3,50.65,35.7,15.100000000000001,15.25,Oldham County,"Oldham County, Texas",0.392,0.4496,0.1374,0.7146,0.4184,26.1,1.5,16.5,12.3,12.6,10.6,34.2,1.6,1.6,16.4
48361,Orange,85722,63756,6.25,11.65,51.125,38.3,15.75,13.55,Orange County,"Orange County, Texas",0.6853,0.594,0.8037,0.5476,0.6099,21.2,5.8,10.7,16.3,15.7,16.7,21.4,1.6,5.3,0.9
48363,Palo Pinto,29747,22840,7.05,13,52.05,39.4,16.5,17.15,Palo Pinto County,"Palo Pinto County, Texas",0.8015,0.9106,0.7515,0.6309,0.4738,26.4,7.3,12.5,18.7,19.8,16.5,26.9,1.7,4,1
48365,Panola,22838,17537,6.65,12.55,52.4,37.45,15.8,14.2,Panola County,"Panola County, Texas",0.7331,0.6456,0.8501,0.6389,0.5845,22.8,2.9,16.3,19.9,20.2,16.8,27.7,1.5,3.1,2
48367,Parker,173494,131016,5.5,9.95,49.05,35.25,12.8,12.399999999999999,Parker County,"Parker County, Texas",0.2638,0.321,0.2284,0.5119,0.258,13.9,3.9,9.7,13.8,15.7,12.3,19,1.6,2.8,1.2
48369,Parmer,9617,6935,6.35,14.25,49.825,37.2,13.55,29.05,Parmer County,"Parmer County, Texas",0.6596,0.6437,0.7833,0.9513,0.2797,25.5,2.1,28.9,24.2,15.3,11.6,67.7,11,1.9,0.8
48371,Pecos,14623,11009,6.800000000000001,16.25,50.825,40.05,15.75,31.200000000000003,Pecos County,"Pecos County, Texas",0.9049,0.7474,0.6653,0.9771,0.9885,31.9,1.2,24.1,17.2,13.6,8.5,76.3,4,8.5,15.2
48373,Polk,54186,43059,7.3,13.95,53.05,38.75,18.6,18,Polk County,"Polk County, Texas",0.9208,0.9262,0.8858,0.6532,0.8412,25.9,9.3,18.6,16.7,18.8,24.2,29,2,3.6,7.3
48375,Potter,114647,84112,6.95,14.850000000000001,51.975,41.9,17.4,23.9,Potter County,"Potter County, Texas",0.9889,0.9485,0.8788,0.9052,0.9936,35.4,3.7,22.8,21.5,13.5,13.2,57.3,6.6,8.6,5.8
48377,Presidio,5795,4219,8.9,20,54.425,41.75,15.399999999999999,35.15,Presidio County,"Presidio County, Texas",0.9933,1,0.9669,0.9825,0.7219,46.8,12.3,38.4,33,22.8,15.2,81.3,18.1,13.9,0.1
48379,Rains,12986,10414,6.95,12.2,52.55,35.7,14.75,12.95,Rains County,"Rains County, Texas",0.4706,0.3318,0.9185,0.4636,0.2615,19.3,2.3,12.6,16.3,24,20.2,16.6,2.2,4.1,0.5
48381,Randall,148255,113132,5.35,10.4,48.9,35.25,12.1,14.1,Randall County,"Randall County, Texas",0.3519,0.2154,0.3751,0.6936,0.4839,15.6,2.8,6.1,9.6,15.4,10.6,32.1,0.8,2.8,1.9
48383,Reagan,3141,2250,5.800000000000001,14.1,49.675,38.900000000000006,13,27.25,Reagan County,"Reagan County, Texas",0.5052,0.5794,0.4276,0.979,0.1919,18,8.7,11.9,17,8.4,5.1,77.5,2.1,0.7,0.7
48385,Real,2854,2328,8.45,15.45,55.15,38.25,16.7,19.3,Real County,"Real County, Texas",0.783,0.5523,0.9806,0.6309,0.6392,37.6,1.6,10.9,19.8,34.1,30.5,26.9,1.9,3.7,4.2
48387,Red River,11678,9261,8.1,14.7,55.425,38.6,17.95,14.8,Red River County,"Red River County, Texas",0.6895,0.7945,0.6783,0.6287,0.3796,30.8,3.8,14.9,18.9,25.9,16.8,26.8,1.7,3.4,1.6
48389,Reeves,11770,8503,6.9,17.55,50.45,40.85,15.75,37.4,Reeves County,"Reeves County, Texas",0.9548,0.9389,0.7035,0.9809,0.9462,34.1,7,29.2,16.7,12.4,11,79.4,11.8,5,8.2
48391,Refugio,6666,5209,7.4,15.8,53.15,39.900000000000006,15.25,25,Refugio County,"Refugio County, Texas",0.9653,0.91,0.9962,0.9201,0.7133,27.4,5.6,16.2,15.8,22.3,23.7,60,1.2,9.5,2.3
48393,Roberts,840,631,5.85,10.25,50.05,33.75,12.55,11.35,Roberts County,"Roberts County, Texas",0.0576,0.1406,0.0067,0.4741,0.2437,15.8,0.5,8.2,13.1,14.1,12,17.1,0,7.8,0
48395,Robertson,17267,13118,6.95,13.850000000000001,53.5,37.95,15.85,17.85,Robertson County,"Robertson County, Texas",0.8546,0.707,0.9793,0.8199,0.6322,21.4,8.7,14.7,13.4,20.3,18.7,44.1,1.6,7.9,1.2
48397,Rockwall,131307,96606,4.45,9.05,47.75,34.75,9.85,11.5,Rockwall County,"Rockwall County, Texas",0.1164,0.0913,0.28,0.7066,0.0875,7,3.9,5.7,8.7,12.4,7.7,33.3,1.3,1.8,0.6
48399,Runnels,9868,7542,6.8,13.25,51.55,36,14.5,19.8,Runnels County,"Runnels County, Texas",0.5148,0.4922,0.985,0.7821,0.0242,23.5,3,17.1,15.4,20.6,19,39.9,2.7,2.4,2.1
48401,Rusk,53079,41108,6.6,13.05,52.650000000000006,37.5,16.200000000000003,17.15,Rusk County,"Rusk County, Texas",0.7973,0.7486,0.7464,0.7537,0.7248,24.4,5.5,15.8,15.8,16.8,15.4,37.5,2.5,3.9,9.4
48403,Sabine,10106,8293,8.3,13.850000000000001,55.2,35.65,16.75,13.25,Sabine County,"Sabine County, Texas",0.5609,0.8839,0.4868,0.4537,0.1327,29.8,8.4,13.1,13.2,30,26.3,16,0,4.5,1.1
48405,San Augustine,7833,6232,9.8,18.049999999999997,58.4,43.7,22.35,18.25,San Augustine County,"San Augustine County, Texas",0.9885,0.9793,0.944,0.6828,0.972,41.1,10.3,17.7,21.6,28.2,24.7,31.3,2.6,11.7,3.1
48407,San Jacinto,28936,22772,7.7,14.549999999999999,54.1,39.05,17.75,18.200000000000003,San Jacinto County,"San Jacinto County, Texas",0.8091,0.9329,0.875,0.6347,0.2965,28.9,7.1,14.4,20,21.8,21.8,27.3,3.2,3.2,0.5
48409,San Patricio,70660,52520,6.4,14.65,51.55,41.3,14.45,25.15,San Patricio County,"San Patricio County, Texas",0.92490000000000006,0.846,0.9761,0.9354,0.7101,28.3,4.4,17.7,16.9,15.1,19.1,63.1,2.5,6.7,1
48411,San Saba,5845,4743,7.199999999999999,13.1,51.675000000000004,36.4,15.5,20.85,San Saba County,"San Saba County, Texas",0.6389,0.6977,0.6561,0.7521,0.3522,26.6,3.8,14.2,22.7,22.7,19,37.4,2.8,2,11
48413,Schleicher,2391,1809,6.45,13.350000000000001,50.65,36.2,12.45,23.1,Schleicher County,"Schleicher County, Texas",0.5803,0.7401,0.762,0.9052,0.0735,21.1,6.9,18,24.8,25.6,12.7,57.3,4.7,4.1,0.3
48415,Scurry,16212,11981,6.300000000000001,13,50.3,38.35,14.399999999999999,21.55,Scurry County,"Scurry County, Texas",0.5332,0.5202,0.4846,0.8686,0.3548,27.8,2.2,15.6,19.1,15,15.4,49.5,2.9,0.9,11.5
48417,Shackelford,3229,2477,6.1,10.9,50.7,33.8,12.65,11.850000000000001,Shackelford County,"Shackelford County, Texas",0.3936,0.511,0.2119,0.4445,0.3872,18.1,7.2,6.5,14.2,19.7,17.6,15.7,0,5.6,1.4
48419,Shelby,24179,17790,7.65,15.049999999999999,54.475,41.2,18.7,19.299999999999997,Shelby County,"Shelby County, Texas",0.8778,0.77,0.9481,0.7751,0.7598,33.2,4,18.3,20.4,17.8,15.4,39.4,3.6,6.3,0.8
48421,Sherman,2678,1950,5.95,12.05,49.35,35.55,12.45,21.299999999999997,Sherman County,"Sherman County, Texas",0.6309,0.4757,0.9485,0.833,0.2654,16.6,1.5,27.9,15.4,16.3,18.9,45.2,4.1,1.1,1.4
48423,Smith,245209,186274,6,12.45,51.45,37.7,13.8,15.45,Smith County,"Smith County, Texas",0.8234,0.7334,0.7916,0.797,0.7735,21.8,4.7,12.4,17.2,17,12.4,41.5,3.8,4.3,2.7
48425,Somervell,9888,7756,6.050000000000001,11.05,50.45,34.099999999999994,13.350000000000001,13.9,Somervell County,"Somervell County, Texas",0.5135,0.2959,0.6468,0.5597,0.6853,13.8,3.9,7.1,12.7,18.4,11.7,22.1,1.6,2.9,4.2
48427,Starr,65934,44621,7.699999999999999,20.25,51.45,45.4,17.25,43.6,Starr County,"Starr County, Texas",0.9905,0.9978,0.9682,0.999,0.7197,50.4,11.5,39.1,33.1,11.5,15.5,96.8,22.7,10.7,0.9
48429,Stephens,9343,7416,6.9,12.8,51.425,36.65,15.95,18.75,Stephens County,"Stephens County, Texas",0.9898,0.9768,0.9539,0.6806,0.9752,27.8,8.6,16.7,17.5,19.6,18,31.2,3.2,9.3,4.8
48431,Sterling,1397,980,4.8,9.95,47.425000000000004,33.2,11.2,15.8,Sterling County,"Sterling County, Texas",0.1419,0.1794,0.2447,0.7156,0.0636,11,0,9.9,22.6,13.1,8,34.3,2.4,0,2.6
48433,Stonewall,1218,955,7.65,13.65,53.7,36.25,15.55,17.799999999999997,Stonewall County,"Stonewall County, Texas",0.2994,0.4769,0.2214,0.6449,0.132,23,1.8,19.1,18.2,20.3,14.5,28.2,0.1,2.4,3.2
48435,Sutton,3221,2454,7.1499999999999995,15.7,51.925000000000004,38.45,14.2,27.9,Sutton County,"Sutton County, Texas",0.7687,0.7448,0.8145,0.9777,0.4283,29.5,4.7,20,16.2,13.2,6.4,76.4,4.4,2.5,0.7
48437,Swisher,6955,5305,7.699999999999999,16.05,53.025,40.95,17.950000000000003,26.65,Swisher County,"Swisher County, Texas",0.9103,0.95,0.7766,0.9096,0.713,41.5,5.2,22.1,20.4,17.3,16.1,57.9,5.3,8.1,9.2
48439,Tarrant,2182947,1635353,5.1,11.55,48.1,33.150000000000006,12.649999999999999,16.9,Tarrant County,"Tarrant County, Texas",0.7585,0.7792,0.6707,0.8982,0.5017,19.6,4.9,12.9,16.9,11.7,9.8,56.1,5.3,4.4,1.3
48441,Taylor,146836,110949,5.65,11.25,49.375,35,13.4,15.75,Taylor County,"Taylor County, Texas",0.7591,0.6363,0.7289,0.7655,0.7353,24.6,2.4,10,15.5,14.6,14.7,38.7,2,4.6,4.8
48443,Terrell,687,556,6.199999999999999,12.7,51.724999999999994,34.05,9.6,17.15,Terrell County,"Terrell County, Texas",0.0859,0.0767,0.6812,0.8533,0.0025,7,0,6.3,10.1,34.2,26.7,47,1.5,3.2,0
48445,Terry,11547,8240,7.199999999999999,15.75,51.7,40.95,16.9,29.45,Terry County,"Terry County, Texas",0.9828,0.9625,0.9462,0.9325,0.9128,36.4,4.8,24,21.8,14.8,14,62.4,8.2,7.9,6.7
48447,Throckmorton,1526,1159,7.85,13.2,53.925000000000004,35.9,15.4,13.649999999999999,Throckmorton County,"Throckmorton County, Texas",0.1581,0.4375,0.2428,0.4496,0.0143,28.4,2.5,9.8,26.5,25.5,14.9,15.8,0.9,2.5,0
48449,Titus,31357,22569,7,14.8,52.1,38.7,16.7,25.15,Titus County,"Titus County, Texas",0.8995,0.8956,0.9227,0.9052,0.6252,32.6,4,22.4,19.8,14.5,13,57.3,9.6,4.7,0.8
48451,Tom Green,119057,90938,6,12.4,50,37.15,13.05,19.450000000000003,Tom Green County,"Tom Green County, Texas",0.8113,0.6204,0.7957,0.8673,0.8304,21.1,3.2,13.4,13.8,15.9,14.2,49.3,2.6,4.7,5
48453,Travis,1334961,1071849,4.35,9.25,45.25,30.25,9.4,13.75,Travis County,"Travis County, Texas",0.5702,0.5527,0.0935,0.882,0.7805,17.3,4.2,9.2,12.5,10.4,9,52.3,5.1,5.5,2.1
48455,Trinity,14228,11401,7.85,14.1,54.675,37.75,17.1,15.2,Trinity County,"Trinity County, Texas",0.9185,0.8552,0.9879,0.574,0.7518,26.9,7,13.6,17.3,26.4,23.2,22.9,1.6,9.7,1.1
48457,Tyler,20382,16475,7.9,14,54.15,39.05,19.8,17.55,Tyler County,"Tyler County, Texas",0.9319,0.8842,0.9103,0.5501,0.951,29.9,12.6,17.4,15.9,22.1,25.2,21.6,1.2,7,10.7
48459,Upshur,43281,32998,6.9,12.65,52.275,37.45,16.700000000000003,14.45,Upshur County,"Upshur County, Texas",0.6017,0.6841,0.7817,0.5425,0.259,27.9,4.3,13.4,16.4,18.3,20,20.9,1,3.9,1.2
48461,Upton,3109,2293,7.15,15.700000000000001,51.95,41.05,16.8,27.5,Upton County,"Upton County, Texas",0.77,0.6876,0.7092,0.9185,0.6567,30.1,4.7,21,11.8,16.4,10.2,59.7,3.6,6,2
48463,Uvalde,24960,18337,6.55,15.149999999999999,50.7,40.55,13.45,28.7,Uvalde County,"Uvalde County, Texas",0.9911,0.9065,0.9968,0.9749,0.9364,34.7,3.2,23.9,19.3,16.3,19.6,75.2,7.1,7.2,2.9
48465,Val Verde,47720,34333,6.300000000000001,15.649999999999999,49.325,38.3,13.35,32.3,Val Verde County,"Val Verde County, Texas",0.9437,0.8371,0.9329,0.9889,0.8877,31.3,3.4,26.5,20.6,13.9,13.7,85.6,12.4,4.8,4
48467,Van Zandt,64000,49331,6.75,12.05,51.85,35.95,15.75,14.350000000000001,Van Zandt County,"Van Zandt County, Texas",0.5714,0.6538,0.7633,0.4948,0.265,23.3,3.1,14,17.7,20.1,15.3,18,1.5,2.9,1
48469,Victoria,91664,68723,6.3,13.7,50.525,37.400000000000006,14.05,22.7,Victoria County,"Victoria County, Texas",0.9198,0.8606,0.8937,0.9052,0.8377,26.2,5.2,16.2,16.4,16.4,15.3,57.3,2.8,7.2,1.5
48471,Walker,81268,69285,6.5,13.55,51.675,39.95,16.7,18.35,Walker County,"Walker County, Texas",0.9392,0.9755,0.1161,0.8225,0.9997,32.8,7,14.7,15,13.5,11.6,44.3,2.3,6.7,21.4
48473,Waller,63553,48491,5.3,11.649999999999999,48.574999999999996,37.6,12.899999999999999,18.15,Waller County,"Waller County, Texas",0.8317,0.7868,0.5262,0.9176,0.8514,21.1,6.1,13.3,18.3,11.5,11.1,59.5,4.9,3.6,8.3
48475,Ward,10966,7825,6.15,13.95,49.849999999999994,37.7,14.6,26.2,Ward County,"Ward County, Texas",0.7235,0.6548,0.8412,0.9345,0.3987,23.7,5.5,19.8,12,13.4,12.9,62.6,4.8,3.9,1
48477,Washington,37007,29213,6.2,11.95,52.35,36.35,12.55,13.649999999999999,Washington County,"Washington County, Texas",0.6522,0.4467,0.4601,0.7585,0.8826,18.3,2.7,10.3,13.4,21.7,14.2,37.8,1.9,6,6.7
48479,Webb,269148,186022,6,16.450000000000003,48.675,42.45,12.899999999999999,36.25,Webb County,"Webb County, Texas",0.9831,0.9917,0.917,0.9987,0.8034,34,5.9,30.9,28.4,9.7,13.1,96.7,18.5,6.2,1.1
48481,Wharton,41739,31173,6.6,13.95,52.075,40.25,14.45,21.65,Wharton County,"Wharton County, Texas",0.9456,0.9141,0.9319,0.9045,0.8078,26.3,5.7,18.7,19,17.2,15.1,57,5.1,6.4,1.6
48483,Wheeler,4804,3606,7.2,13.25,52.525,37.25,16.15,17.8,Wheeler County,"Wheeler County, Texas",0.9045,0.9036,0.986,0.6828,0.5377,29.9,6.6,14.2,22.3,20,16.3,31.3,5.4,7,1.6
48485,Wichita,130180,100315,6,11.85,50.45,35.75,14.95,16,Wichita County,"Wichita County, Texas",0.8167,0.7372,0.6876,0.741,0.8416,24.9,4.2,12.5,14.7,14.9,16,36.4,1.6,6.6,9.4
48487,Wilbarger,12522,9895,7.7,15.35,53.3,39.75,18.4,21.65,Wilbarger County,"Wilbarger County, Texas",0.9561,0.9691,0.8906,0.8272,0.7938,39.4,9.3,21.6,11.4,17.8,24.8,44.6,3.3,5.5,7.8
48489,Willacy,20037,15371,7.6,18.9,51.349999999999994,43.8,16.9,40.75,Willacy County,"Willacy County, Texas",0.985,0.9892,0.91,0.993,0.8428,42.9,8.7,32.5,28.3,14.6,15.1,89.9,9.1,5.6,6.2
48491,Williamson,697191,532125,4.5,9.65,46.975,32.35,9.75,12.25,Williamson County,"Williamson County, Texas",0.3207,0.2701,0.4009,0.8199,0.2275,11.1,4.4,5.9,9.7,12.6,10,44.1,2.9,2.6,0.7
48493,Wilson,54183,41434,5.75,12.05,49.375,35.099999999999994,12.350000000000001,18,Wilson County,"Wilson County, Texas",0.2972,0.2351,0.2402,0.833,0.3363,15.8,3.4,9.2,12.2,16.2,12.3,45.2,2.3,2.2,1
48495,Winkler,7414,5280,5.949999999999999,13.7,49.1,37.55,14.05,28,Winkler County,"Winkler County, Texas",0.4448,0.3958,0.3252,0.9523,0.3388,16.3,2.3,27.5,18.7,13.6,9.1,68,8.9,5.6,1.2
48497,Wise,78097,58924,5.95,11.100000000000001,49.35,33.95,14.7,15.6,Wise County,"Wise County, Texas",0.5422,0.4483,0.79,0.6128,0.3923,16.9,4.3,13,16.2,15.2,15.8,25.4,3.6,1.6,1.3
48499,Wood,47921,39005,7.300000000000001,12.6,53.050000000000004,34.55,15.25,14.149999999999999,Wood County,"Wood County, Texas",0.7655,0.7124,0.847,0.5011,0.6771,21.9,5.3,13.9,15.1,26.9,20,18.4,1.7,5.5,3.6
48501,Yoakum,7468,5012,5.85,13.25,48.675,37.900000000000006,13.100000000000001,27.35,Yoakum County,"Yoakum County, Texas",0.587,0.622,0.5918,0.9644,0.2472,23.2,3.9,31.5,19.8,10,9,71.5,11.9,2.4,0.3
48503,Young,18124,13798,6.6,12.100000000000001,51.5,37.2,14.7,15.55,Young County,"Young County, Texas",0.5345,0.4639,0.9535,0.5892,0.1575,22.9,2.6,11.9,18.9,20.9,15.4,23.8,3.4,5.1,1.5
48505,Zapata,13736,9425,8.15,20.450000000000003,52.425,44.1,17.450000000000003,43.05,Zapata County,"Zapata County, Texas",0.9968,0.9901,0.9809,0.9984,0.9014,49.8,8.1,34.4,26.9,13.7,16.2,95.6,20.7,9.7,0.9
48507,Zavala,9312,6563,8.65,22,53.95,47.85,18.35,42.599999999999994,Zavala County,"Zavala County, Texas",0.909,0.8813,0.9905,0.9978,0.4292,49.7,5.8,27.4,12.2,16.1,17,94.5,5.9,4.9,0.7
