county,county_fips,diabetes,obesity,smoking,uninsured,high_blood_pressure,coronary_heart_disease,rpl_themes,ep_pov150,ep_unemp,ep_nohsdp,predicted_diabetes,residual
Anderson,48001,13.45,39.7,17.299999999999997,19.15,52.375,6.65,0.896,25.7,3.9,15.2,14.0931490918736,-0.6431490918736014
Andrews,48003,12.8,36.650000000000006,14.45,26,48.35,5.75,0.6834,22.5,2.7,26.2,13.621395921731954,-0.8213959217319537
Angelina,48005,13.95,40.9,17.25,19.1,54.075,7.25,0.9917,30.8,6,16,14.607342219871416,-0.6573422198714169
Aransas,48007,13.65,36.2,14.35,16.8,53.925,7.449999999999999,0.7614,26.3,4.4,11.4,12.96992233306814,0.6800776669318598
Archer,48009,11.3,34.8,14.7,12.7,51.275,6.5,0.2657,18.9,3.1,8.8,11.633335057819462,-0.33333505781946116
Armstrong,48011,11,33.3,13.05,11.7,51.05,6.25,0.0865,14.7,0.2,7.2,10.734885938747787,0.2651140612522127
Atascosa,48013,14.7,42.2,13.75,27.7,50.95,6.25,0.8664,23.7,6.4,19.4,14.950894903563311,-0.2508949035633119
Austin,48015,13.25,37.4,14.75,17.7,52.525,6.85,0.7133,22.2,3.8,12.1,12.975572373576991,0.2744276264230088
Bailey,48017,14.9,39.15,14.65,30.4,50.45,6.75,0.7843,19.1,2.1,26.8,14.449472779422946,0.4505272205770545
Bandera,48019,13.25,35.45,14.05,14.95,53.575,7.4,0.5899,21.5,6.7,8,12.243478398038475,1.0065216019615253
Bastrop,48021,12.7,40.150000000000006,14,21.950000000000003,50.425,6.1,0.7566,20.5,4.4,16.9,13.574648274621028,-0.8746482746210287
Baylor,48023,13.25,36.3,16.549999999999997,15.6,53.175,7.6,0.462,18.9,1.1,13,12.452493016868376,0.7975069831316244
Bee,48025,14.25,39.35,14.9,27.549999999999997,49.575,6.1,0.9166,30.8,6.4,19.8,15.32107849478337,-1.0710784947833698
Bell,48027,12.8,43.35,13.45,16.15,49.6,5.5,0.937,26.1,7.7,9.2,13.71024962766568,-0.9102496276656797
Bexar,48029,13.85,34.150000000000006,12.25,21.9,49.3,5.4,0.9192,25,5.5,14.1,13.005563420666798,0.8444365793332018
Blanco,48031,11.15,34.4,11.6,12.65,51.325,6.15,0.2339,15.5,3.9,9.7,10.721035178060061,0.4289648219399389
Borden,48033,11.25,33.1,12.6,11.95,51.625,6.5,0.0267,2.6,1.8,5.5,9.731176011245243,1.5188239887547574
Bosque,48035,12.4,36,14.45,15.35,52.3,7,0.5794,22.3,3.9,12.3,12.323316727342581,0.07668327265741937
Bowie,48037,12.95,36.8,16.15,14.25,53.05,6.5,0.8766,26.8,4,10,13.009292411011067,-0.05929241101106797
Brazoria,48039,11.65,36.05,11.45,16.35,50.75,5,0.6519,14.2,4.6,11.2,11.377920185289145,0.27207981471085496
Brazos,48041,11.1,31.1,12.75,15.85,47.45,5.25,0.804,31.9,4.6,10.7,12.376805756419127,-1.2768057564191277
Brewster,48043,11.65,33.2,10,16.200000000000003,49.975,5.75,0.6478,23.3,3,11.1,11.524339210244024,0.12566078975597605
Briscoe,48045,15.4,39.65,17.05,21.1,54.225,8.3,0.5479,48,3.3,15.4,16.268727511396918,-0.8687275113969175
Brooks,48047,19,42.900000000000006,15.75,37.9,52.175,7.6,0.9163,41.9,2.1,29.9,18.22131242386115,0.7786875761388501
Brown,48049,12.7,35.05,15.5,17.05,51.65,6.9,0.9135,24.7,3.8,12.6,12.8627529347488,-0.16275293474880037
Burleson,48051,12.5,35.849999999999994,14.15,16.4,52.3,6.45,0.5049,18.1,3.8,16.3,11.884191979574158,0.6158080204258418
Burnet,48053,11.9,35.349999999999994,13.3,15.25,51.425,6.550000000000001,0.5819,19.1,3.4,11.6,11.79942316573644,0.10057683426355979
Caldwell,48055,14.05,42.3,14.5,26.15,50.325,6.2,0.8956,26.2,2.4,19.7,15.038511688937703,-0.9885116889377024
Calhoun,48057,13.45,34.95,13.15,22.55,50.9,6.449999999999999,0.72,18.5,3.4,15.7,12.760196345981502,0.6898036540184975
Callahan,48059,11.7,36.1,14.75,12.9,51.65,6.6,0.2956,19.6,4.8,7.9,11.939030345784946,-0.23903034578494697
Cameron,48061,17.9,40.65,13.3,36.099999999999994,50.4,6.8,0.9844,40,5.7,29.1,17.055763655300296,0.8442363446997021
Camp,48063,14.9,40.1,17.45,20.15,53.925,7.45,0.917,34.7,5.4,12.8,15.217977216450352,-0.3179772164503518
Carson,48065,10.5,33.9,13.15,11.75,50.1,5.949999999999999,0.083,12.6,1.9,7.6,10.628496397430906,-0.12849639743090613
Cass,48067,13.85,39.3,17.45,13.9,54.425,7.449999999999999,0.8619,28.6,7.2,12.4,13.495549265179177,0.3544507348208228
Castro,48069,14.6,38.55,13.55,28.049999999999997,50.65,6.6,0.7801,25,3.6,24.8,14.360159040516857,0.23984095948314277
Chambers,48071,10.75,34.8,13.25,15.95,48.525,5.25,0.4798,17.6,7.5,10.8,11.726802404877645,-0.9768024048776454
Cherokee,48073,13.65,35.8,17.1,19.4,52.225,7.05,0.9717,30.6,5.8,21.1,13.695591632645137,-0.045591632645136215
Childress,48075,12,36.7,15.3,21.200000000000003,49.6,6.1,0.7178,32.5,8.6,18,14.131658475845168,-2.1316584758451675
Clay,48077,11.5,34.849999999999994,14.45,11.75,51.875,6.7,0.1772,16.4,1.8,7.1,11.314523597773926,0.1854764022260742
Cochran,48079,17.85,42.7,19.35,32.7,53.099999999999994,8.3,0.938,43.2,7.1,30.6,17.904223217017122,-0.05422321701712107
Coke,48081,13.85,36.65,15.75,17.35,53.599999999999994,7.9,0.6379,29.5,3,14,13.506900427627615,0.34309957237238464
Coleman,48083,13.35,37.2,15.75,15.15,53.375,7.5,0.6449,25.6,6.3,11.8,12.945658385931118,0.4043416140688816
Collin,48085,9.3,31.95,9.15,10.2,48.275,4.3,0.2997,11.3,4.2,5.6,9.411370089873593,-0.11137008987359209
Collingsworth,48087,14.1,39.2,16.5,20.7,52.725,7.35,0.8498,30.8,2.8,22.2,14.255234454823205,-0.15523445482320497
Colorado,48089,13.25,36.45,13.85,18.25,52.775000000000006,6.7,0.7639,22.2,5.7,15.6,12.608917581658819,0.6410824183411812
Comal,48091,10.2,34.75,10.45,13.25,49.45,5.25,0.2749,12.2,3.7,6.4,10.573055838277638,-0.37305583827763833
Comanche,48093,13.1,36.900000000000006,14.8,18.700000000000003,52.400000000000006,7.2,0.7267,22,7.3,15.4,12.886009368960785,0.21399063103921456
Concho,48095,13.45,37.400000000000006,16.05,23.85,51.675,6.949999999999999,0.7534,21.8,2.3,25.1,13.601817665466523,-0.15181766546652398
Cooke,48097,11.9,36.150000000000006,14.65,15.6,51.275,6.45,0.6946,20.3,3.9,11.2,12.307181705783075,-0.4071817057830742
Coryell,48099,10.9,37.65,14.35,15.75,48.375,5.2,0.833,21.4,7.1,10,12.610050565070923,-1.7100505650709223
Cottle,48101,16.35,40.55,17.700000000000003,20.6,55.425,8.5,0.6732,38.9,4.1,18.1,15.494100515607604,0.8558994843923973
Crane,48103,14.75,39.85,14.4,30.75,49.8,6.25,0.7092,18.9,3,25,14.629289738739118,0.12071026126088213
Crockett,48105,14.95,37.650000000000006,14.35,28.9,50.925,6.800000000000001,0.4098,15.4,2,28.1,13.56001811888612,1.3899818811138793
Crosby,48107,15.85,40.75,16.15,27.75,52.65,7.5,0.9504,33.8,4.9,22.2,15.889286370966772,-0.039286370966772566
Culberson,48109,17.75,40.55,16.5,31.65,52.925,7.699999999999999,0.8393,28.7,10.1,23.6,16.073162846506325,1.6768371534936755
Dallam,48111,14.65,39.650000000000006,16.95,27.45,50.4,6.7,0.6039,29.8,2.6,22,15.51402992691936,-0.8640299269193594
Dallas,48113,12.5,35.7,12.5,20.6,50.1,5.35,0.8925,24.3,4.9,18.9,12.721145571940582,-0.22114557194058193
Dawson,48115,15.3,39.7,17.35,29.85,50.8,6.95,0.9876,40,9.5,29.8,16.42779878761114,-1.127798787611141
Deaf Smith,48117,16.2,41,15.9,34.900000000000006,50.675,6.949999999999999,0.7245,32.5,2.1,27.8,16.777720068207003,-0.5777200682070038
Delta,48119,12.3,37.05,16.05,13.7,52.125,6.8,0.3665,23.5,6.4,10.8,12.590772608120107,-0.29077260812010586
Denton,48121,9.75,33.45,9.65,11.3,47.025,4.35,0.3796,12.1,4,6.7,9.898781233622143,-0.14878123362214346
DeWitt,48123,14.55,37.55,16.05,21.75,52.875,7.199999999999999,0.8441,26.6,5.2,15.9,14.097895366239516,0.4521046337604844
Dickens,48125,14.45,37.8,15.5,19.5,53.925,7.85,0.7588,27.4,9.7,14.5,13.745030371857412,0.704969628142587
Dimmit,48127,22.45,47.25,19.4,41.35,54.925,9.2,0.9994,60.9,4.7,27.2,21.727472161213377,0.7225278387866219
Donley,48129,12.45,35.05,15.15,15,52.375,7.1,0.3353,20.6,0,15.5,11.976304952483277,0.4736950475167223
Duval,48131,17.9,41.7,15.3,35.65,52.05,7.5,0.9768,32.6,8.4,26.6,16.925383150267887,0.9746168497321115
Eastland,48133,12.75,35.85,16.05,16.3,52.025000000000006,7.1499999999999995,0.8616,26.4,4.9,14.6,12.959222896744734,-0.20922289674473404
Ector,48135,13.2,40.05,14.2,27.9,47.875,5.6,0.9421,24.7,5.8,23.2,14.67632730672941,-1.4763273067294111
Edwards,48137,16.5,38.55,15.3,26.25,54.525,8.5,0.6844,40.9,0,25.6,15.658790568963006,0.8412094310369937
Ellis,48139,11.25,37.05,12.55,15.8,49.75,5.199999999999999,0.5695,14.7,3.9,11.7,11.614996241269806,-0.36499624126980557
El Paso,48141,15.35,34.2,12.3,29.05,50.05,5.699999999999999,0.9825,31.8,6.8,20,14.555619080952566,0.794380919047434
Erath,48143,10.9,34.599999999999994,13.7,15.05,48.5,5.75,0.7996,27.6,5.6,12.9,12.367501111207305,-1.467501111207305
Falls,48145,14.95,40.15,17.25,19.75,54.05,7.3,0.972,36,7.4,17.5,14.977402400784353,-0.02740240078435363
Fannin,48147,12.3,39.150000000000006,16.65,15.6,51.525000000000006,6.75,0.643,23.7,4.7,14.3,13.15423582335064,-0.8542358233506384
Fayette,48149,11.95,34.15,12.6,14.8,51.975,6.55,0.5234,17.2,3.5,10.1,11.361675195686997,0.588324804313002
Fisher,48151,12.65,36.1,13.6,16.2,52.225,6.7,0.4248,19,2.9,13.8,11.999665146969667,0.6503348530303334
Floyd,48153,15.7,39.400000000000006,15.45,28.200000000000003,52.175,7.4,0.7722,29.4,4.1,28.8,14.97737476329589,0.7226252367041095
Foard,48155,15.9,40.55,18.6,19.1,55.55,8.95,0.6071,34.9,5.9,19.6,14.949513011572124,0.9504869884278762
Fort Bend,48157,11.55,29.75,9.65,12.8,49.45,4.5,0.4515,12.7,5.2,8.5,9.632022389661206,1.917977610338795
Franklin,48159,11.45,35.4,13.3,12.95,51.475,6.4,0.3821,11.6,6.5,8.5,10.898143056574236,0.5518569434257632
Freestone,48161,13.3,38.2,16.1,16.5,53.4,6.95,0.8088,25.6,3.5,15,13.232844263192668,0.067155736807333
Frio,48163,15.9,41,15.35,36.75,49.125,6.4,0.9698,30.2,2.6,30,16.70595689397294,-0.8059568939729385
Gaines,48165,12.05,36.3,16.549999999999997,25.700000000000003,47.275,5.75,0.6745,21.5,3.4,39.6,13.101717412445746,-1.0517174124457451
Galveston,48167,11.55,33.9,12.3,15.25,50.65,5.5,0.7378,18.3,5.9,10.3,11.424146549374319,0.12585345062568187
Garza,48169,14.7,39.9,16.9,30.95,50.225,6.800000000000001,0.6984,26,9.9,30,15.379643945531278,-0.6796439455312786
Gillespie,48171,11.55,33.25,11.5,14.4,52.125,6.65,0.6392,14.3,3.5,11.3,10.685543403558269,0.8644565964417321
Glasscock,48173,10.4,33.8,10.7,15.6,48.349999999999994,5.2,0.2784,10.1,1.3,13.9,10.368405291614954,0.031594708385046744
Goliad,48175,13.6,37.05,14.45,18.700000000000003,52.575,7.1,0.5243,21.4,4.8,15.5,12.810669750294272,0.7893302497057277
Gonzales,48177,14.85,39.599999999999994,15.95,26.35,52.225,7.1,0.9087,24,1,22.6,14.638706546175037,0.2112934538249629
Gray,48179,13.15,38.5,16.45,20.3,51.5,6.8,0.8645,28.7,5.4,18.4,14.080074466014135,-0.9300744660141351
Grayson,48181,11.55,33.9,14.5,14,50.4,6.1,0.6888,19.7,3.9,9.6,11.734510106648163,-0.1845101066481618
Gregg,48183,12.9,37,15.5,16.5,52.125,6.300000000000001,0.8731,25.6,3.7,13.6,13.046141591455145,-0.1461415914551445
Grimes,48185,13.35,37.1,15.8,18.85,52.2,6.8,0.8676,24.7,5.6,19.2,13.152440954845302,0.1975590451546978
Guadalupe,48187,12.2,34.55,12.5,17.3,49.925,5.3,0.5256,16.4,4.3,10.9,11.727275995915608,0.47272400408439097
Hale,48189,15.3,39.2,15.9,29.1,51.025,6.85,0.9332,32.1,4.7,25.2,15.59112245909559,-0.29112245909558965
Hall,48191,15.55,39.55,15.95,22.15,54.275,8,0.8689,32.3,7.5,18.2,14.761543604935003,0.7884563950649977
Hamilton,48193,12.8,36.35,15.65,15.1,53.05,7.4,0.6634,27.5,2.8,10.7,13.05133074796995,-0.2513307479699485
Hansford,48195,12.95,37.099999999999994,13.85,23.7,49.825,6.300000000000001,0.4836,21.3,4.3,27.8,12.978447585094633,-0.028447585094633965
Hardeman,48197,13.55,37.8,16.15,17.95,52.85,7.35,0.4222,21.3,2.5,15,13.090640417468634,0.45935958253136633
Hardin,48199,11.4,33.85,15.65,12.85,50.975,6.199999999999999,0.6465,21.5,4.6,11.1,11.784782735142883,-0.38478273514288297
Harris,48201,13.2,37.2,12.65,21.4,49.675,5.45,0.9201,25.7,6.4,17.9,13.241699575691616,-0.04169957569161653
Harrison,48203,12.85,39,15.45,14.75,52.7,6.5,0.9036,25.5,6.1,10.7,13.109066805418813,-0.2590668054188132
Hartley,48205,11.4,34.4,13.4,18.9,49.575,5.9,0.4683,12.5,1.5,15.8,11.58411117357696,-0.1841111735769605
Haskell,48207,13.6,36.75,16.55,20.5,52.275,7.25,0.812,27.8,6.3,20.5,13.714360187768692,-0.11436018776869261
Hays,48209,10.5,34.9,11,16.65,47.125,4.9,0.6723,20.9,5.1,9.1,11.874720781259835,-1.3747207812598354
Hemphill,48211,10.65,32.95,11.9,16.85,49.075,5.55,0.5577,11.7,4.1,11.4,10.918365870016864,-0.2683658700168632
Henderson,48213,12.9,35.5,16.35,15.3,53.1,7.15,0.8291,27.3,5.5,13.3,12.922844991389773,-0.02284499138977303
Hidalgo,48215,17.549999999999997,44.6,13.55,37.45,50.15,6.55,0.9841,41.9,7.6,31.4,17.88298305977412,-0.3329830597741221
Hill,48217,12.85,36.95,15.45,17,52.1,6.85,0.8562,23.4,4.5,14.4,12.887896286976234,-0.037896286976234705
Hockley,48219,13.5,36.25,14.6,23.5,50.3,6.300000000000001,0.93,27,5.3,20.5,13.79912157985787,-0.2991215798578697
Hood,48221,10.85,33.3,12.2,12.1,51.1,6.2,0.525,15.4,5.8,7.6,10.662469761141011,0.18753023885898834
Hopkins,48223,12.3,37.6,15.7,16.450000000000003,51.525,6.55,0.7525,24,4.8,15.1,12.929548736577944,-0.6295487365779433
Houston,48225,15.15,38.2,18,18.35,54.8,7.75,0.9625,33.1,4.5,17.6,14.369639179192859,0.7803608208071413
Howard,48227,13.4,38.3,15,23.7,49.9,6.199999999999999,0.8816,24.7,5.2,19,14.051211954610647,-0.6512119546106465
Hudspeth,48229,15.85,41.05,18.7,37.75,49.05,6.9,0.9943,43.7,8.2,45.1,17.77776315472386,-1.927763154723861
Hunt,48231,11.75,36.8,15.3,16.45,50.575,6.15,0.8746,22.7,5.8,12.3,12.783330164366777,-1.0333301643667774
Hutchinson,48233,11.95,35.150000000000006,14.9,17,50.425,6.35,0.3245,17.7,4.3,14.1,12.09705636679628,-0.14705636679628142
Irion,48235,11.85,35.05,12.9,15,50.85,6.25,0.2962,11.7,1.3,11.2,11.060773701521171,0.7892262984788285
Jack,48237,12.6,37.849999999999994,17.6,18.3,51.325,7,0.9418,28.4,8.2,20.4,13.682726423201276,-1.0827264232012759
Jackson,48239,13.4,37.900000000000006,15.25,20.049999999999997,51.925,6.85,0.8094,23.2,5.5,19.4,13.243103681240068,0.15689631875993193
Jasper,48241,14.6,41.150000000000006,19.2,15.45,54.925,7.8,0.8737,33.8,12.5,12.7,14.686267704092472,-0.08626770409247264
Jeff Davis,48243,17.15,37.95,14.65,18.65,56.975,9.35,0.4738,33,0,14.3,14.028481089738865,3.121518910261134
Jefferson,48245,14.9,41.25,16.15,19.1,53.675,6.6,0.9723,29.2,5.4,15.2,14.38109559139451,0.5189044086054899
Jim Hogg,48247,21.5,45.2,17.7,40.95,54.2,8.95,0.6427,48.5,4.5,21.4,20.35545823703476,1.1445417629652397
Jim Wells,48249,17.1,40.7,14.75,33.2,51.675,7.05,0.9491,34.6,5.2,21.7,16.709487476882767,0.39051252311723417
Johnson,48251,11.45,33.25,14.35,16.5,49.5,5.65,0.6284,18,3.5,13.6,11.725579569494055,-0.27557956949405593
Jones,48253,12.95,38.75,17.200000000000003,22.200000000000003,50.675,6.55,0.5829,26.1,4.7,19.2,14.319280029674466,-1.3692800296744672
Karnes,48255,14.2,39.099999999999994,16.1,28,50.225,6.45,0.9367,29.7,5.3,23.9,15.274503293751984,-1.0745032937519845
Kaufman,48257,11.35,37.8,13.85,16.8,49.3,5.2,0.7089,18.4,4.9,13.7,12.309240148034824,-0.9592401480348247
Kendall,48259,9.95,34.2,10,12,49.425,5.3,0.3411,11.5,4.8,7.5,10.081852356370398,-0.13185235637039838
Kenedy,48261,16.7,37.9,15.3,35.8,50.925,7.35,0.6678,51.7,0,66.7,16.10102631715761,0.59897368284238794
Kent,48263,11.1,32.8,11.8,12.7,51.2,6.2,0.2393,9.2,5.4,11.5,9.919594246755162,1.1804057532448375
Kerr,48265,12.75,34.849999999999994,12.9,16.299999999999997,52.599999999999994,7.1,0.7442,22.9,3.3,10.3,12.241738089016744,0.508261910983256
Kimble,48267,14.15,37.15,15.3,17.549999999999997,54.15,8,0.4948,27.9,0.8,14.7,13.379249002115333,0.7707509978846669
King,48269,14.5,37.8,17.65,16.55,54.625,8.55,0.4438,40.3,4.5,21.3,14.360574531787512,0.13942546821248847
Kinney,48271,14.5,37.599999999999994,12.7,25.65,52.150000000000006,7.35,0.6265,30.2,1.9,15.4,14.596840521577887,-0.09684052157788692
Kleberg,48273,14.7,38.55,13,28.049999999999997,49.125,6.15,0.9924,37.6,7.5,17.6,15.668435386543173,-0.9684353865431738
Knox,48275,14.05,37.9,15.8,19.700000000000003,52.875,7.1,0.6564,29.6,1.6,18.2,13.902097501734575,0.14790249826542556
Lamar,48277,13.1,38.6,16.95,14.45,53,6.949999999999999,0.8536,26.9,3.9,12.5,13.295027800207405,-0.19502780020740573
Lamb,48279,15.45,40.2,15.4,27.8,51.85,7.1,0.8221,30.5,2.8,23.3,15.383613780177704,0.06638621982229509
Lampasas,48281,12.5,34.95,14.25,15.05,51.7,6.55,0.658,21.7,5.3,9.7,12.170221624051399,0.32977837594860127
La Salle,48283,16.05,39.849999999999994,16.15,39.35,49.475,6.9,0.9128,33.8,4.2,37.6,17.05687163331387,-1.006871633313871
Lavaca,48285,12.85,36.55,14.75,15.9,52.875,7.050000000000001,0.5752,21.9,3,14.7,12.393927857357696,0.456072142642304
Lee,48287,13.9,39.7,16.5,19.15,53.225,7.15,0.7856,26.2,2.8,13.5,14.097342530666262,-0.19734253066626195
Leon,48289,13.35,36.3,16.2,16.25,53.35,7.4,0.6974,23.4,5.1,15.4,12.738685911552817,0.6113140884471822
Liberty,48291,13.85,40.05,17.8,23.950000000000003,50.7,6.55,0.9739,30.1,6.9,21.6,15.098979413548879,-1.248979413548879
Limestone,48293,14.6,39.8,16.8,18.55,54.175,7.35,0.9065,31.4,3.6,15.4,14.39042300650335,0.2095769934966505
Lipscomb,48295,13.45,36.8,14.6,20.65,51.75,7,0.7703,22.5,5.9,14.9,13.264034466532372,0.1859655334676269
Live Oak,48297,15.2,39.900000000000006,17,25.450000000000003,52.75,7.65,0.9039,31.2,3.6,24.6,15.179057794926939,0.02094220507306055
Llano,48299,12.9,36.25,13.1,13,54.45,7.7,0.6192,21.5,6,8.5,11.824700670303063,1.0752993296969375
Lubbock,48303,11.7,36.25,13.15,17.700000000000003,48.25,5.5,0.8422,26.9,4.6,11.7,12.971827579160612,-1.2718275791606128
Lynn,48305,14.3,38.55,15.95,22.15,51.5,6.95,0.6898,37,3.6,18.6,15.036498522392469,-0.736498522392468
McCulloch,48307,13.7,36.55,15.4,19.5,52.675,7.3,0.7897,23.6,8.7,20.1,12.968264494803641,0.7317355051963581
McLennan,48309,12.35,35.45,14,16.950000000000003,50.75,6,0.8861,28.8,4.4,13.1,12.965688261454344,-0.6156882614543449
McMullen,48311,15.95,38.85,16.3,22.65,53.85,8.1,0.8104,41,2.4,11.1,15.948635975182317,0.0013640248176827185
Madison,48313,13,37.55,16.65,21.15,51.075,6.5,0.9131,22,6.3,21.1,13.43078372542561,-0.4307837254256093
Marion,48315,15.45,39.1,18.1,14.3,56.45,8.3,0.7315,28.2,10.7,13.3,13.542464751776235,1.9075352482237644
Martin,48317,11.8,35.8,13.9,22,48.35,5.45,0.5966,19.9,10.2,15.8,12.960109386038994,-1.160109386038993
Mason,48319,12.15,33.9,11.95,15.05,52.525,7,0.2724,13.3,2.8,15.1,10.68877088056916,1.4612291194308398
Matagorda,48321,15.15,39.45,15.4,23.1,52.975,7.1,0.9758,31.2,6.7,18.5,14.724102368256792,0.42589763174320794
Maverick,48323,17.950000000000003,44.25,14.5,38.9,50.225,6.6,0.9901,38.5,7.1,35.4,17.765928414185016,0.18407158581498706
Medina,48325,13.4,39.55,12.65,22.1,50.925,6,0.741,17.7,2.4,14,13.224915693437374,0.17508430656262597
Menard,48327,14.85,37.05,14.5,21.4,54.125,8.100000000000001,0.8606,27.2,14.3,22.1,13.38313253428674,1.4668674657132588
Midland,48329,11.1,35.849999999999994,11.95,19.85,47.8,4.9,0.7397,16.2,3.4,15.6,12.010951002815657,-0.9109510028156578
Milam,48331,13.4,37.2,15.5,18.15,52.65,6.95,0.798,23.9,5.8,14.2,13.17566062749502,0.22433937250498026
Mills,48333,12,33.3,13.2,14,52.275,7,0.4693,16.2,2.3,12.1,11.031016901823662,0.9689830981763379
Mitchell,48335,13.4,38.75,16.35,24.049999999999997,50.375,6.5,0.6958,27.4,1.4,16.2,14.793403182240752,-1.3934031822407515
Montague,48337,11.95,35,15.9,14.55,51.725,6.9,0.5959,21,5.1,12,12.186768225356474,-0.23676822535647446
Montgomery,48339,10.9,31.6,11.7,14.95,48.675,5.15,0.5212,15.9,4.3,10.2,10.78536752932913,0.11463247067086968
Moore,48341,14.8,39.05,15.75,29.4,50.025,6.5,0.882,26.7,2.5,32.1,14.811203065119305,-0.011203065119303801
Morris,48343,14.2,39.05,16.95,15.1,54.675,7.25,0.7792,26,5.9,12.4,13.383410984976472,0.8165890150235278
Motley,48345,12.6,35.5,14.8,15.75,53.05,7.4,0.1721,15.5,3,14,11.733350307355186,0.8666496926448133
Nacogdoches,48347,13.1,34.3,15.75,17.049999999999997,51.375,6.6,0.9952,34.3,6.6,14.8,13.484391252707345,-0.38439125270734564
Navarro,48349,14.4,38.3,16.85,21.200000000000003,52.35,7,0.979,30.4,5.6,19.6,14.361161415308116,0.03883858469188439
Newton,48351,16.35,42.7,22.549999999999997,16.75,56.475,8.95,0.8463,38,10.6,18.1,15.769046453597019,0.5809535464029825
Nolan,48353,15.25,40.65,17.5,23.35,53.025,7.65,0.9815,34.3,6.6,16.1,15.656523411583517,-0.40652341158351746
Nueces,48355,15.15,39.85,13.25,24.8,51.075,6.1,0.9351,26.4,5.7,15.5,14.476746583120324,0.6732534168796764
Ochiltree,48357,13.8,39.400000000000006,15.05,26.35,50.225,6.5,0.8244,29.6,1.5,23.7,14.877192659129609,-1.077192659129608
Oldham,48359,12.3,35.7,15.1,15.25,50.65,6.3,0.392,26.1,1.5,16.5,12.49998706000401,-0.199987060004009
Orange,48361,11.65,38.3,15.75,13.55,51.125,6.25,0.6853,21.2,5.8,10.7,12.493281028545509,-0.8432810285455083
Palo Pinto,48363,13,39.4,16.5,17.15,52.05,7.05,0.8015,26.4,7.3,12.5,13.736992545670873,-0.7369925456708728
Panola,48365,12.55,37.45,15.8,14.2,52.4,6.65,0.7331,22.8,2.9,16.3,12.379120501629554,0.17087949837044647
Parker,48367,9.95,35.25,12.8,12.4,49.05,5.5,0.2638,13.9,3.9,9.7,10.85107182560805,-0.9010718256080512
Parmer,48369,14.25,37.2,13.55,29.05,49.825,6.35,0.6596,25.5,2.1,28.9,14.20711064397386,0.042889356026140746
Pecos,48371,16.25,40.05,15.75,31.200000000000003,50.825,6.800000000000001,0.9049,31.9,1.2,24.1,16.115154704480926,0.13484529551907443
Polk,48373,13.95,38.75,18.6,18,53.05,7.3,0.9208,25.9,9.3,18.6,13.784265042897404,0.165734957102595
Potter,48375,14.85,41.9,17.4,23.9,51.975,6.95,0.9889,35.4,3.7,22.8,15.676436890621165,-0.8264368906211654
Presidio,48377,20,41.75,15.4,35.15,54.425,8.9,0.9933,46.8,12.3,38.4,17.432344728643045,2.567655271356955
Rains,48379,12.2,35.7,14.75,12.95,52.55,6.95,0.4706,19.3,2.3,12.6,11.651048096266551,0.5489519037334478
Randall,48381,10.4,35.25,12.1,14.1,48.9,5.35,0.3519,15.6,2.8,6.1,11.371101696759723,-0.9711016967597228
Reagan,48383,14.1,38.900000000000006,13,27.25,49.675,5.800000000000001,0.5052,18,8.7,11.9,14.196781304137977,-0.09678130413797703
Real,48385,15.45,38.25,16.7,19.3,55.15,8.45,0.783,37.6,1.6,10.9,15.07058878197709,0.3794112180229092
Red River,48387,14.7,38.6,17.95,14.8,55.425,8.1,0.6895,30.8,3.8,14.9,13.731071878066913,0.9689281219330859
Reeves,48389,17.55,40.85,15.75,37.4,50.45,6.9,0.9548,34.1,7,29.2,17.204860220286143,0.34513977971385756
Refugio,48391,15.8,39.900000000000006,15.25,25,53.15,7.4,0.9653,27.4,5.6,16.2,14.899211979885063,0.9007880201149376
Roberts,48393,10.25,33.75,12.55,11.35,50.05,5.85,0.0576,15.8,0.5,8.2,10.688933794618057,-0.43893379461805715
Robertson,48395,13.85,37.95,15.85,17.85,53.5,6.95,0.8546,21.4,8.7,14.7,13.020291657835097,0.8297083421649027
Rockwall,48397,9.05,34.75,9.85,11.5,47.75,4.45,0.1164,7,3.9,5.7,9.758038042358262,-0.7080380423582611
Runnels,48399,13.25,36,14.5,19.8,51.55,6.8,0.5148,23.5,3,17.1,12.98672391663363,0.2632760833663692
Rusk,48401,13.05,37.5,16.200000000000003,17.15,52.650000000000006,6.6,0.7973,24.4,5.5,15.8,13.11654668784148,-0.06654668784147866
Sabine,48403,13.85,35.65,16.75,13.25,55.2,8.3,0.5609,29.8,8.4,13.1,12.844217753430351,1.0057822465696482
San Augustine,48405,18.049999999999997,43.7,22.35,18.25,58.4,9.8,0.9885,41.1,10.3,17.7,16.417241924771808,1.632758075228189
San Jacinto,48407,14.55,39.05,17.75,18.200000000000003,54.1,7.7,0.8091,28.9,7.1,14.4,14.200737961511157,0.34926203848884363
San Patricio,48409,14.65,41.3,14.45,25.15,51.55,6.4,0.92490000000000006,28.3,4.4,17.7,14.985607808424755,-0.33560780842475424
San Saba,48411,13.1,36.4,15.5,20.85,51.675,7.199999999999999,0.6389,26.6,3.8,14.2,13.793324543921216,-0.6933245439212161
Schleicher,48413,13.35,36.2,12.45,23.1,50.65,6.45,0.5803,21.1,6.9,18,12.982536136090415,0.36746386390958463
Scurry,48415,13,38.35,14.4,21.55,50.3,6.300000000000001,0.5332,27.8,2.2,15.6,14.03303881150944,-1.0330388115094404
Shackelford,48417,10.9,33.8,12.65,11.85,50.7,6.1,0.3936,18.1,7.2,6.5,11.031056501390418,-0.13105650139041813
Shelby,48419,15.05,41.2,18.7,19.299999999999997,54.475,7.65,0.8778,33.2,4,18.3,15.022949708783136,0.027050291216864863
Sherman,48421,12.05,35.55,12.45,21.299999999999997,49.35,5.95,0.6309,16.6,1.5,27.9,11.73723613734362,0.31276386265638045
Smith,48423,12.45,37.7,13.8,15.45,51.45,6,0.8234,21.8,4.7,12.4,12.402589310764144,0.04741068923585523
Somervell,48425,11.05,34.099999999999994,13.35,13.9,50.45,6.050000000000001,0.5135,13.8,3.9,7.1,11.18113271966868,-0.13113271966867934
Starr,48427,20.25,45.4,17.25,43.6,51.45,7.699999999999999,0.9905,50.4,11.5,39.1,19.99006395246473,0.25993604753526967
Stephens,48429,12.8,36.65,15.95,18.75,51.425,6.9,0.9898,27.8,8.6,16.7,13.46657214990591,-0.6665721499059085
Sterling,48431,9.95,33.2,11.2,15.8,47.425,4.8,0.1419,11,0,9.9,10.696282670953426,-0.7462826709534269
Stonewall,48433,13.65,36.25,15.55,17.799999999999997,53.7,7.65,0.2994,23,1.8,19.1,12.703432692790932,0.9465673072090688
Sutton,48435,15.7,38.45,14.2,27.9,51.925,7.1499999999999995,0.7687,29.5,4.7,20,15.042619685924167,0.6573803140758319
Swisher,48437,16.05,40.95,17.950000000000003,26.65,53.025,7.699999999999999,0.9103,41.5,5.2,22.1,16.670712991457258,-0.6207129914572569
Tarrant,48439,11.55,33.150000000000006,12.65,16.9,48.1,5.1,0.7585,19.6,4.9,12.9,11.66253901360109,-0.11253901360108998
Taylor,48441,11.25,35,13.4,15.75,49.375,5.65,0.7591,24.6,2.4,10,12.411801360337984,-1.161801360337984
Terrell,48443,12.7,34.05,9.6,17.15,51.724999999999994,6.199999999999999,0.0859,7,0,6.3,10.627007098005663,2.0729929019943363
Terry,48445,15.75,40.95,16.9,29.45,51.7,7.199999999999999,0.9828,36.4,4.8,24,16.47042195645014,-0.7204219564501386
Throckmorton,48447,13.2,35.9,15.4,13.65,53.925,7.85,0.1581,28.4,2.5,9.8,12.817519261208282,0.38248073879171685
Titus,48449,14.8,38.7,16.7,25.15,52.1,7,0.8995,32.6,4,22.4,15.145901529453052,-0.34590152945305164
Tom Green,48451,12.4,37.15,13.05,19.450000000000003,50,6,0.8113,21.1,3.2,13.4,12.81831458966417,-0.41831458966417046
Travis,48453,9.25,30.25,9.4,13.75,45.25,4.35,0.5702,17.3,4.2,9.2,10.185140218545419,-0.9351402185454187
Trinity,48455,14.1,37.75,17.1,15.2,54.675,7.85,0.9185,26.9,7,13.6,13.2630780748248,0.8369219251751989
Tyler,48457,14,39.05,19.8,17.55,54.15,7.9,0.9319,29.9,12.6,17.4,14.315859593223214,-0.3158595932232142
Upshur,48459,12.65,37.45,16.700000000000003,14.45,52.275,6.9,0.6017,27.9,4.3,13.4,13.139262409970755,-0.4892624099707543
Upton,48461,15.7,41.05,16.8,27.5,51.95,7.15,0.77,30.1,4.7,21,15.741404481559645,-0.04140448155964549
Uvalde,48463,15.15,40.55,13.45,28.7,50.7,6.55,0.9911,34.7,3.2,23.9,15.58802492675704,-0.4380249267570395
Val Verde,48465,15.65,38.3,13.35,32.3,49.325,6.300000000000001,0.9437,31.3,3.4,26.5,15.496341448022266,0.1536585519777347
Van Zandt,48467,12.05,35.95,15.75,14.35,51.85,6.75,0.5714,23.3,3.1,14,12.358534829135214,-0.3085348291352137
Victoria,48469,13.7,37.400000000000006,14.05,22.7,50.525,6.3,0.9198,26.2,5.2,16.2,13.867321380556424,-0.16732138055642487
Walker,48471,13.55,39.95,16.7,18.35,51.675,6.5,0.9392,32.8,7,14.7,14.486275845970763,-0.9362758459707621
Waller,48473,11.65,37.6,12.9,18.15,48.575,5.3,0.8317,21.1,6.1,13.3,12.604976435971254,-0.954976435971254
Ward,48475,13.95,37.7,14.6,26.2,49.849999999999994,6.15,0.7235,23.7,5.5,19.8,14.223329869647781,-0.2733298696477817
Washington,48477,11.95,36.35,12.55,13.65,52.35,6.2,0.6522,18.3,2.7,10.3,11.525551271245083,0.4244487287549159
Webb,48479,16.450000000000003,42.45,12.9,36.25,48.675,6,0.9831,34,5.9,30.9,16.65236005131744,-0.20236005131743795
Wharton,48481,13.95,40.25,14.45,21.65,52.075,6.6,0.9456,26.3,5.7,18.7,13.997784681797803,-0.04778468179780404
Wheeler,48483,13.25,37.25,16.15,17.8,52.525,7.2,0.9045,29.9,6.6,14.2,13.72816926472111,-0.4781692647211102
Wichita,48485,11.85,35.75,14.95,16,50.45,6,0.8167,24.9,4.2,12.5,12.695874703563863,-0.8458747035638634
Wilbarger,48487,15.35,39.75,18.4,21.65,53.3,7.7,0.9561,39.4,9.3,21.6,15.517970838465928,-0.1679708384659282
Willacy,48489,18.9,43.8,16.9,40.75,51.349999999999994,7.6,0.985,42.9,8.7,32.5,18.938714299281283,-0.03871429928128478
Williamson,48491,9.65,32.35,9.75,12.25,46.975,4.5,0.3207,11.1,4.4,5.9,9.89325390650804,-0.24325390650803946
Wilson,48493,12.05,35.099999999999994,12.35,18,49.375,5.75,0.2972,15.8,3.4,9.2,11.940743123272508,0.10925687672749262
Winkler,48495,13.7,37.55,14.05,28,49.1,5.949999999999999,0.4448,16.3,2.3,27.5,13.441682005403564,0.25831799459643534
Wise,48497,11.1,33.95,14.7,15.6,49.35,5.95,0.5422,16.9,4.3,13,11.646692341703666,-0.5466923417036664
Wood,48499,12.6,34.55,15.25,14.15,53.05,7.300000000000001,0.7655,21.9,5.3,13.9,11.927794661149782,0.6722053388502172
Yoakum,48501,13.25,37.900000000000006,13.1,27.35,48.675,5.85,0.587,23.2,3.9,31.5,13.58318459864534,-0.33318459864534056
Young,48503,12.1,37.2,14.7,15.55,51.5,6.6,0.5345,22.9,2.6,11.9,12.637626193809306,-0.5376261938093059
Zapata,48505,20.450000000000003,44.1,17.450000000000003,43.05,52.425,8.15,0.9968,49.8,8.1,34.4,19.96811530022953,0.48188469977047177
Zavala,48507,22,47.85,18.35,42.599999999999994,53.95,8.65,0.909,49.7,5.8,27.4,20.89023452165422,1.1097654783457784
